,window_start,window_end,variant_counts,unique_allele_counts,unique_alleles_with_missing_index,unique_alleles_with_het_index,unique_allele_frequencies,unique_allele_count,entropy,het
0,101265,101464,1,[551   2  62],[],[1],[0.89593496 0.00325203 0.10081301],3,0.34839542865664563,0.1871267102914933
1,101365,101564,1,[454   1 160],[],[1],[0.73821138 0.00162602 0.2601626 ],3,0.5848028558582508,0.3873567321039064
2,101415,101614,2,[270 184   1   3 157],[],[2],[0.43902439 0.29918699 0.00162602 0.00487805 0.25528455],5,1.1073970049848865,0.6525480864564743
3,101465,101664,3,[266   1   3   1  76   2 105   1   3  70  87],[3],"[1, 5, 7]","[0.43252033 0.00162602 0.00487805 0.00162602 0.12357724 0.00325203
 0.17073171 0.00162602 0.00487805 0.11382114 0.14146341]",11,1.5485844952475496,0.7354722717958887
4,101565,101764,3,[234  35   1   3   1  79  67   2  27 166],[4],"[2, 7]","[0.3804878  0.05691057 0.00162602 0.00487805 0.00162602 0.12845528
 0.10894309 0.00325203 0.04390244 0.2699187 ]",10,1.5921217662352198,0.7487976733425871
5,101615,101814,2,[  1 313 102   3  27 169],[0],[3],[0.00162602 0.50894309 0.16585366 0.00487805 0.04390244 0.27479675],6,1.170329356157438,0.6360023795359905
6,101665,101864,1,[343 272],[],[],[0.55772358 0.44227642],2,0.6864682752692355,0.4933359772622117
7,111415,111614,1,[376   4 235],[],[1],[0.61138211 0.00650407 0.38211382],3,0.7011778918992704,0.4801586357326988
8,117015,117214,1,[  5 137   4 469],[0],[2],[0.00813008 0.22276423 0.00650407 0.76260163],4,0.6130654348855289,0.3687064577962853
9,118565,118764,1,[284   3 328],[],[1],[0.46178862 0.00487805 0.53333333],3,0.7180239197515814,0.5022830325864234
10,121165,121364,1,[  1 120   3 491],[0],[2],[0.00162602 0.19512195 0.00487805 0.79837398],4,0.5350386698439822,0.3244999669508891
11,126615,126814,1,[  2 328   6 279],[0],[2],[0.00325203 0.53333333 0.0097561  0.45365854],4,0.7576329964981465,0.5096437305836472
12,126815,127014,1,[385   3 227],[],[1],[0.62601626 0.00487805 0.36910569],3,0.6870561303511038,0.47184083548152556
13,134365,134564,1,[  2 521   1  91],[0],[2],[0.00325203 0.84715447 0.00162602 0.14796748],4,0.45232099755016436,0.260421706656091
14,135165,135364,1,[  4 432   3 176],[0],[2],[0.00650407 0.70243902 0.00487805 0.28617886],4,0.6648644603940719,0.4246149778570957
15,136265,136464,6,"[ 24   9   1   2   2   1   6   1   1   1   1   2   1   3  83   1   2   1
   4   3   1   1   1   1   2   2   1   1   3   1  15   1 436]","[0, 1, 2, 3, 4, 5, 6, 7, 8, 9, 10, 11, 12, 13, 24, 29]","[7, 15, 16, 17, 18, 19, 20, 21, 22, 23, 26, 28, 31]","[0.03902439 0.01463415 0.00162602 0.00325203 0.00325203 0.00162602
 0.0097561  0.00162602 0.00162602 0.00162602 0.00162602 0.00325203
 0.00162602 0.00487805 0.13495935 0.00162602 0.00325203 0.00162602
 0.00650407 0.00487805 0.00162602 0.00162602 0.00162602 0.00162602
 0.00325203 0.00325203 0.00162602 0.00162602 0.00487805 0.00162602
 0.02439024 0.00162602 0.70894309]",33,1.2382306162410113,0.4765364531694096
16,140165,140364,1,[527   2  86],[],[1],[0.85691057 0.00325203 0.1398374 ],3,0.4260534045216081,0.24613920285544322
17,140815,141014,1,[483   4 128],[],[1],[0.78536585 0.00650407 0.20813008],3,0.5491782109928867,0.339840042302862
18,141665,141864,1,[519   1  95],[],[1],[0.84390244 0.00162602 0.15447154],3,0.4421809343672536,0.26396457135303064
19,143365,143564,1,[  3 503 109],[0],[],[0.00487805 0.81788618 0.17723577],3,0.49705379367781904,0.2996258840637187
20,155065,155264,1,[  4 187   1 423],[0],[2],[0.00650407 0.30406504 0.00162602 0.68780488],4,0.6625963807612125,0.4344239539956376
21,155115,155314,2,[  1   3   1 184   2   1 205 218],"[0, 1, 2]",[5],"[0.00162602 0.00487805 0.00162602 0.29918699 0.00325203 0.00162602
 0.33333333 0.35447154]",8,1.170781162052741,0.6736836539097097
22,155265,155464,1,[  2 393 220],[0],[],[0.00325203 0.63902439 0.35772358],3,0.6725303458174787,0.4636710952475378
23,155565,155764,1,[  1 505   2 107],[0],[2],[0.00162602 0.82113821 0.00325203 0.17398374],4,0.49514911913562265,0.29544847643598393
24,156015,156214,1,[488   2 125],[],[1],[0.79349593 0.00325203 0.20325203],3,0.5260134392207563,0.32904223676383115
25,156115,156314,2,[  3 267 218   2 125],[0],[3],[0.00487805 0.43414634 0.35447154 0.00325203 0.20325203],5,1.0983106192361116,0.6445211183819155
26,156215,156414,1,[  3 394 218],[0],[],[0.00487805 0.64065041 0.35447154],3,0.6788612615993445,0.46389318527331613
27,157065,157264,1,[  3 239   2 371],[0],[2],[0.00487805 0.38861789 0.00325203 0.60325203],4,0.7167964379429184,0.48502875272655166
28,158065,158223,1,[  8 391 216],[0],[],[0.01300813 0.63577236 0.35121951],3,0.7119306835016458,0.47226915195981234
29,172411,172610,1,[494   1 120],[],[1],[0.80325203 0.00162602 0.19512195],3,0.5052782765468768,0.3167109524753785
30,173811,174010,1,[459   1 155],[],[1],[0.74634146 0.00162602 0.25203252],3,0.5761508213995692,0.37945138475775
31,174761,174960,1,[327   4 284],[],[1],[0.53170732 0.00650407 0.46178862],3,0.725409524772918,0.5039962984995703
32,176161,176360,1,[506   3 106],[],[1],[0.82276423 0.00487805 0.17235772],3,0.4895118035766951,0.29332804547557667
33,176561,176760,1,[  1 489   2 123],[0],[2],[0.00162602 0.79512195 0.00325203 0.2       ],4,0.5332479142697054,0.32776786304448413
34,179711,179910,1,[506   2 107],[],[1],[0.82276423 0.00325203 0.17398374],3,0.48340026080163756,0.2927781082688876
35,180261,180460,1,[  6 376   6 227],[0],[2],[0.0097561  0.61138211 0.0097561  0.36910569],4,0.7590364377030783,0.4897825368497588
36,182811,183010,1,[  1 324   1 289],[0],[2],[0.00162602 0.52682927 0.00162602 0.4699187 ],4,0.713397532877725,0.501622050366845
37,186511,186710,1,[ 64   1 550],[],[1],[0.10406504 0.00162602 0.89430894],3,0.3458115842949681,0.18937933769581605
38,191211,191410,1,[481   2 132],[],[1],[0.78211382 0.00325203 0.21463415],3,0.541120958760352,0.34221957829334404
39,197961,198160,1,[  3 414   1 197],[0],[2],[0.00487805 0.67317073 0.00162602 0.3203252 ],4,0.6674832684714476,0.4442064908453962
40,198011,198210,2,[  3 168   2 244   1   2 195],[0],"[2, 4]","[0.00487805 0.27317073 0.00325203 0.39674797 0.00162602 0.00325203
 0.31707317]",7,1.1591209100512927,0.6673858153215679
41,198161,198360,1,[170   2 443],[],[1],[0.27642276 0.00325203 0.7203252 ],3,0.6103646470103237,0.4047114812611541
42,198561,198760,1,[ 78   4 533],[],[1],[0.12682927 0.00650407 0.86666667],3,0.4186622921859278,0.23276092273117843
43,199461,199660,1,[  1 509   1 104],[0],[2],[0.00162602 0.82764228 0.00162602 0.16910569],4,0.4779918711643734,0.28640623967215284
44,200711,200910,1,[  1 432   1 181],[0],[2],[0.00162602 0.70243902 0.00162602 0.29430894],4,0.6289591510901438,0.4199563751735078
45,201661,201860,1,[499   1 115],[],[1],[0.81138211 0.00162602 0.18699187],3,0.4935610701776047,0.30669046202657146
46,208611,208810,1,[  1 541   1  72],[0],[2],[0.00162602 0.8796748  0.00162602 0.11707317],4,0.3847770801234245,0.21246083680349015
47,208711,208910,2,[  1   1 476  64   1  69   3],"[0, 1]",[4],"[0.00162602 0.00162602 0.77398374 0.10406504 0.00162602 0.11219512
 0.00487805]",7,0.7364895822253956,0.37750016524555496
48,208811,209010,1,[  1 547  67],[0],[],[0.00162602 0.88943089 0.10894309],3,0.35617852727965865,0.19704144358516762
49,211361,211560,2,[  4   1   5 315   1 220   1  68],"[0, 1, 2]","[4, 6]","[0.00650407 0.00162602 0.00813008 0.51219512 0.00162602 0.35772358
 0.00162602 0.11056911]",8,1.057106280186649,0.5973481393350519
50,212261,212460,2,[  7 379  49   3 177],[0],[3],[0.01138211 0.61626016 0.0796748  0.00487805 0.28780488],5,0.9352464516949412,0.530890343049772
51,212311,212510,3,[  1   5   1  10 312  57  12   1  36   2   1   5 132  40],"[0, 1, 2, 3, 11]","[7, 9, 10]","[0.00162602 0.00813008 0.00162602 0.01626016 0.50731707 0.09268293
 0.0195122  0.00162602 0.05853659 0.00325203 0.00162602 0.00813008
 0.21463415 0.06504065]",14,1.5213165201538943,0.6795161610152687
52,212461,212660,1,[ 16 463   2 134],[0],[2],[0.02601626 0.75284553 0.00325203 0.21788618],4,0.6593037748759408,0.3850618018375307
53,212761,212960,1,[522   3  90],[],[1],[0.84878049 0.00487805 0.14634146],3,0.44636830346429746,0.2581320642474718
54,212961,213160,1,[  1 447   3 164],[0],[2],[0.00162602 0.72682927 0.00487805 0.26666667],4,0.6207806046822283,0.40058166435322895
55,213161,213360,1,[323   3 289],[],[1],[0.52520325 0.00487805 0.4699187 ],3,0.7190615358855175,0.5033141648489656
56,213761,213960,1,[204   5 406],[],[1],[0.33170732 0.00813008 0.6601626 ],3,0.6793083635712429,0.45408949699253087
57,213811,214010,2,[ 87 117   4   1 396  10],[],"[2, 3]",[0.14146341 0.1902439  0.00650407 0.00162602 0.64390244 0.01626016],6,0.9859809463016715,0.5288756692444974
58,213861,214060,3,[ 22  65  36   1  80   4   1   3 393   8   2],[],"[3, 5, 6]","[0.03577236 0.10569106 0.05853659 0.00162602 0.1300813  0.00650407
 0.00162602 0.00487805 0.63902439 0.01300813 0.00325203]",11,1.2289768409039294,0.558598717694494
59,213961,214160,3,[ 22   3 255   3 204  43   2   1  80   2],[],"[3, 7]","[0.03577236 0.00487805 0.41463415 0.00487805 0.33170732 0.0699187
 0.00325203 0.00162602 0.1300813  0.00325203]",10,1.4011676093732106,0.6948879635137815
60,214011,214210,2,[ 65   5   1 335   3 206],[],"[2, 4]",[0.10569106 0.00813008 0.00162602 0.54471545 0.00487805 0.33495935],6,1.010314271215555,0.5798241787295921
61,214061,214260,1,[401   3 211],[],[1],[0.65203252 0.00487805 0.34308943],3,0.6718394460514144,0.4571194394870779
62,214861,215060,1,[362   4 249],[],[1],[0.58861789 0.00650407 0.40487805],3,0.710782994074614,0.48956044682398037
63,215261,215460,1,[  1 354   1 259],[0],[2],[0.00162602 0.57560976 0.00162602 0.42113821],4,0.7030050723113368,0.4913107277414237
64,215411,215610,2,[  1 298  56   1   1  38   1 219],"[0, 4]","[3, 6]","[0.00162602 0.48455285 0.09105691 0.00162602 0.00162602 0.06178862
 0.00162602 0.35609756]",8,1.1507465986045744,0.6262832969793113
65,215461,215660,1,[  1 337   1 276],[0],[2],[0.00162602 0.54796748 0.00162602 0.44878049],4,0.7100798507875272,0.49832242712671027
66,216161,216360,1,[433   3 179],[],[1],[0.70406504 0.00487805 0.29105691],3,0.6322444916494812,0.41955449798400424
67,218361,218560,1,[  1 326   3 285],[0],[2],[0.00162602 0.5300813  0.00487805 0.46341463],4,0.7292908863949464,0.5042342520986186
68,222311,222510,1,[  2 225   1 387],[0],[2],[0.00325203 0.36585366 0.00162602 0.62926829],4,0.6884202498233634,0.4701592967149184
69,222511,222710,1,[  2 473 140],[0],[],[0.00325203 0.76910569 0.22764228],3,0.5574460852323605,0.3566448542534205
70,224211,224410,1,[  3 530   3  79],[0],[2],[0.00487805 0.86178862 0.00487805 0.12845528],4,0.4437314262677014,0.24077202723246738
71,226011,226210,1,[549  66],[],[],[0.89268293 0.10731707],2,0.3408690038024912,0.19160023795359904
72,228761,228960,1,[  1 458   1 155],[0],[2],[0.00162602 0.74471545 0.00162602 0.25203252],4,0.5877410004133797,0.38187322361028486
73,229261,229460,1,[282   6 327],[],[1],[0.45853659 0.0097561  0.53170732],3,0.7385566959312037,0.5069363474122546
74,236211,236410,1,[  1 438   1 175],[0],[2],[0.00162602 0.71219512 0.00162602 0.28455285],4,0.6202410837715613,0.41180249851279005
75,237011,237210,1,[471 144],[],[],[0.76585366 0.23414634],2,0.544238076878588,0.3586436644854254
76,237261,237460,1,[171   4 440],[],[1],[0.27804878 0.00650407 0.71544715],3,0.6282067792734294,0.410781941965761
77,239061,239260,1,[  3 319   2 291],[0],[2],[0.00487805 0.51869919 0.00325203 0.47317073],4,0.739158586892056,0.5070262409941173
78,242061,242260,3,[  1   1   1  59   2   1  27  98   1 401  23],"[0, 1, 2]","[5, 8]","[0.00162602 0.00162602 0.00162602 0.09593496 0.00325203 0.00162602
 0.04390244 0.15934959 0.00162602 0.65203252 0.03739837]",11,1.1273615992541683,0.5369079251768127
79,242411,242610,1,[  1 484   1 129],[0],[2],[0.00162602 0.78699187 0.00162602 0.2097561 ],4,0.5369964222561024,0.3366408883601033
80,248361,248560,2,[  3 528   2  82],[0],[2],[0.00487805 0.85853659 0.00325203 0.13333333],4,0.4441979632541617,0.24510278273514452
81,251961,252160,2,[  1   4  62   3 438   1  17   1  88],"[0, 1]","[3, 5, 7]","[0.00162602 0.00650407 0.10081301 0.00487805 0.71219512 0.00162602
 0.02764228 0.00162602 0.14308943]",9,0.9404751207313946,0.46130213497256933
82,253961,254160,1,[  1 375 239],[0],[],[0.00162602 0.6097561  0.38861789],3,0.6793912943910136,0.47717099610020486
83,254361,254560,1,[  1 194 420],[0],[],[0.00162602 0.31544715 0.68292683],3,0.63483940342473,0.4341013946724832
84,261961,262160,1,[  4 491   3 117],[0],[2],[0.00650407 0.79837398 0.00487805 0.1902439 ],4,0.5541922980033781,0.3263401414501951
85,262011,262210,2,[  1   2   1 491   3   1   4 112],"[0, 1, 2, 5]",[4],"[0.00162602 0.00325203 0.00162602 0.79837398 0.00487805 0.00162602
 0.00650407 0.18211382]",8,0.5986088547922674,0.32934893251371544
86,262161,262360,1,[  2 497   3 113],[0],[2],[0.00325203 0.80813008 0.00487805 0.18373984],4,0.5280512146168542,0.31313107277414254
87,262311,262510,1,[288   3 324],[],[1],[0.46829268 0.00487805 0.52682927],3,0.7188753503075398,0.5031290898274836
88,262411,262610,2,[239   1  48   3 245  79],[],"[1, 3]",[0.38861789 0.00162602 0.07804878 0.00487805 0.39837398 0.12845528],6,1.2330321601161651,0.6676554960671557
89,262511,262710,1,[487   1 127],[],[1],[0.79186992 0.00162602 0.20650407],3,0.5209777346008881,0.3302954590521515
90,263561,263760,1,[547  68],[],[],[0.88943089 0.11056911],2,0.3477035379255439,0.19668715711547358
91,266311,266510,1,[  8 378   3 226],[0],[2],[0.01300813 0.61463415 0.00487805 0.36747967],4,0.7494884710923979,0.48699054795426
92,266361,266560,3,[  6   1   1   1 160   2  17 198   1   2   1   4   1 220],"[0, 1, 2, 3, 10]","[5, 8, 9]","[0.0097561  0.00162602 0.00162602 0.00162602 0.2601626  0.00325203
 0.02764228 0.32195122 0.00162602 0.00325203 0.00162602 0.00650407
 0.00162602 0.35772358]",14,1.3599382148902688,0.6997580805076343
93,266511,266710,2,[  8   1 160   4   3  18 421],"[0, 1]",[4],"[0.01300813 0.00162602 0.2601626  0.00650407 0.00487805 0.02926829
 0.68455285]",7,0.8387288178817236,0.4626082358384559
94,272611,272810,2,[  1   1  76 405   2   2 128],"[0, 1]","[4, 5]","[0.00162602 0.00162602 0.12357724 0.65853659 0.00325203 0.00325203
 0.20813008]",7,0.9183011970034929,0.5077136625024786
95,274661,274860,1,[490 125],[],[],[0.79674797 0.20325203],2,0.5048777819462299,0.32388128759336365
96,274711,274910,2,[338   1 151   1 124],[],"[1, 3]",[0.5495935  0.00162602 0.24552846 0.00162602 0.20162602],5,1.0175349797295448,0.5970044285808711
97,274861,275060,1,[338   2 275],[],[1],[0.5495935  0.00325203 0.44715447],3,0.70749566798101,0.4979892920880429
98,275761,275960,1,[  1 393   1 220],[0],[2],[0.00162602 0.63902439 0.00162602 0.35772358],4,0.6747844829900314,0.46367638310529435
99,275861,276060,2,[  1 296   2  95   1 217   3],[0],"[2, 4]","[0.00162602 0.48130081 0.00325203 0.15447154 0.00162602 0.35284553
 0.00487805]",7,1.0735172919896445,0.6199484433868728
100,275911,276110,3,[  1 279   1  16   2  95   1 118   1  98   3],[0],"[2, 4, 6, 8]","[0.00162602 0.45365854 0.00162602 0.02601626 0.00325203 0.15447154
 0.00162602 0.19186992 0.00162602 0.15934959 0.00487805]",11,1.437821387790522,0.707404322823716
101,275961,276160,2,[398   2 115   2  98],[],"[1, 3]",[0.64715447 0.00325203 0.18699187 0.00325203 0.15934959],5,0.9250783743155653,0.5208116861656422
102,276061,276260,1,[498   2 115],[],[1],[0.8097561  0.00325203 0.18699187],3,0.5030331174306303,0.3093185273316148
103,276461,276660,1,[  1 484   1 129],[0],[2],[0.00162602 0.78699187 0.00162602 0.2097561 ],4,0.5369964222561024,0.3366408883601033
104,276861,277060,1,[523   1  91],[],[1],[0.8504065  0.00162602 0.14796748],3,0.4309729656943422,0.2549117588736862
105,277511,277710,1,[283   3 329],[],[1],[0.4601626  0.00487805 0.53495935],3,0.7177843671547326,0.5020450789873753
106,278061,278260,1,[  2 438   4 171],[0],[2],[0.00325203 0.71219512 0.00650407 0.27804878],4,0.6489916617700338,0.4154141053605659
107,279011,279210,1,[  4 405 206],[0],[],[0.00650407 0.65853659 0.33495935],3,0.674204494809312,0.45408949699253087
108,279111,279310,2,[  3   1 377   1  27  98   2 106],"[0, 1]","[3, 6]","[0.00487805 0.00162602 0.61300813 0.00162602 0.04390244 0.15934959
 0.00325203 0.17235772]",8,1.0984067894931255,0.5671544715447154
109,279211,279410,1,[478   3 134],[],[1],[0.77723577 0.00487805 0.21788618],3,0.5538494219685628,0.3484063718685968
110,284361,284560,2,[178  20   1 363   1  52],[],"[2, 4]",[0.28943089 0.03252033 0.00162602 0.5902439  0.00162602 0.08455285],6,1.01120760174563,0.5596298499570361
111,284561,284760,1,[418   2 195],[],[1],[0.6796748  0.00325203 0.31707317],3,0.6452768254058696,0.4374961993522374
112,285511,285710,1,[423   3 189],[],[1],[0.68780488 0.00487805 0.30731707],3,0.6459727483774897,0.4324568709101726
113,285661,285860,3,[275   1   1  83  63   1   1   1  15  38   1 135],[],"[1, 2, 5, 6, 7, 10]","[0.44715447 0.00162602 0.00162602 0.13495935 0.10243902 0.00162602
 0.00162602 0.00162602 0.02439024 0.06178862 0.00162602 0.2195122 ]",12,1.5216963617196642,0.7187309141384097
114,285711,285910,2,[291   2   1 122   1 198],[],"[1, 2, 4]",[0.47317073 0.00325203 0.00162602 0.19837398 0.00162602 0.32195122],6,1.079360796842291,0.6330887699120894
115,290461,290660,1,[335   2 278],[],[1],[0.54471545 0.00325203 0.45203252],3,0.7084536627195028,0.4989411064842356
116,290611,290810,2,[291   1  43   1   1   2 144   2 130],[5],"[1, 3, 4, 7]","[0.47317073 0.00162602 0.0699187  0.00162602 0.00162602 0.00325203
 0.23414634 0.00325203 0.21138211]",9,1.2771119293640185,0.6716848436777051
117,290661,290860,1,[  2 436   3 174],[0],[2],[0.00325203 0.70894309 0.00487805 0.28292683],4,0.6456714200168736,0.41731773415295126
118,293461,293660,1,[546  69],[],[],[0.88780488 0.11219512],2,0.3510803010196413,0.19921475312314096
119,293961,294160,1,[  2 527  86],[0],[],[0.00325203 0.85691057 0.1398374 ],3,0.4260534045216081,0.24613920285544322
120,295211,295410,1,[345   4 266],[],[1],[0.56097561 0.00650407 0.43252033],3,0.7195441873898827,0.49819023068279455
121,295611,295810,1,[  1 463   3 148],[0],[2],[0.00162602 0.75284553 0.00487805 0.24065041],4,0.5929216508552664,0.37528455284552853
122,296211,296410,1,[515   4  96],[],[1],[0.83739837 0.00650407 0.15609756],3,0.47126688948584156,0.2743552118448014
123,297361,297560,2,[  1 502  22   5  85],[0],[3],[0.00162602 0.81626016 0.03577236 0.00813008 0.13821138],5,0.6079430150862277,0.3132685570758147
124,297511,297710,3,[  1 474   1  27   9  13   5  61  24],[0],"[2, 6]","[0.00162602 0.77073171 0.00162602 0.04390244 0.01463415 0.02113821
 0.00813008 0.09918699 0.03902439]",9,0.8970645183533434,0.39195188049441476
125,297561,297760,1,[549   1  65],[],[1],[0.89268293 0.00162602 0.10569106],3,0.3492950858033492,0.19194394870777975
126,299661,299860,1,[  2 160   2 451],[0],[2],[0.00325203 0.2601626  0.00325203 0.73333333],4,0.6150008543506479,0.3945164915063786
127,300361,300560,1,[443   4 168],[],[1],[0.7203252  0.00650407 0.27317073],3,0.6235368464825795,0.4064670500363541
128,300461,300660,2,[433  10   2   1   1  99  69],[],"[2, 3, 4]","[0.70406504 0.01626016 0.00325203 0.00162602 0.00162602 0.16097561
 0.11219512]",7,0.8929852019582678,0.46551126974684376
129,300561,300760,1,[534   1  80],[],[1],[0.86829268 0.00162602 0.1300813 ],3,0.3983807901176487,0.22914402802564615
130,301961,302160,1,[  1 260   4 350],[0],[2],[0.00162602 0.42276423 0.00650407 0.56910569],4,0.7279653481679365,0.4973441734417344
131,303511,303710,1,[389   2 224],[],[1],[0.63252033 0.00325203 0.36422764],3,0.6762119025313562,0.4672456870910171
132,303561,303760,2,[350   1  38   1   1 107   1 116],[],"[1, 3, 4, 6]","[0.56910569 0.00162602 0.06178862 0.00162602 0.00162602 0.17398374
 0.00162602 0.18861789]",8,1.1534693806608662,0.6064432546764492
133,303711,303910,1,[457   3 155],[],[1],[0.74308943 0.00487805 0.25203252],3,0.59396854483556,0.3842739110317933
134,305661,305860,1,[457   4 154],[],[1],[0.74308943 0.00650407 0.2504065 ],3,0.6001325314572008,0.3850723775530439
135,305861,306060,2,[  1 174   1   1   1 169 268],[0],"[3, 4]","[0.00162602 0.28292683 0.00162602 0.00162602 0.00162602 0.27479675
 0.43577236]",7,1.1159100472175147,0.6545310331152092
136,306061,306260,1,[  1 393   3 218],[0],[2],[0.00162602 0.63902439 0.00487805 0.35447154],4,0.6902028563940863,0.4659713133716702
137,307261,307460,1,[473   3 139],[],[1],[0.76910569 0.00487805 0.22601626],3,0.5639965241839897,0.35736929076607826
138,307461,307660,1,[  1 416   3 195],[0],[2],[0.00162602 0.67642276 0.00487805 0.31707317],4,0.6650437002380293,0.44189040914799393
139,307761,307960,1,[  1 488   2 124],[0],[2],[0.00162602 0.79349593 0.00325203 0.20162602],4,0.5354838506480134,0.32969793112565293
140,307811,308010,2,[  1   1 271   4 212   1   1 112   1  11],"[0, 1]","[3, 5, 6, 8]","[0.00162602 0.00162602 0.44065041 0.00650407 0.34471545 0.00162602
 0.00162602 0.18211382 0.00162602 0.01788618]",10,1.1953387072875297,0.653457597990614
141,307911,308110,3,[  1   1 260   1  10   4   1 168  43   1   1  88  24   1  10   1],"[0, 1, 6]","[3, 5, 9, 10, 13]","[0.00162602 0.00162602 0.42276423 0.00162602 0.01626016 0.00650407
 0.00162602 0.27317073 0.0699187  0.00162602 0.00162602 0.14308943
 0.03902439 0.00162602 0.01626016 0.00162602]",16,1.5594912296188737,0.7191698063322096
142,307961,308160,3,[  1   1 199   6 144   1   4  30   1   2   3   1   2  71 105   3  41],"[0, 1, 11, 12]","[3, 5, 8, 9, 10]","[0.00162602 0.00162602 0.32357724 0.0097561  0.23414634 0.00162602
 0.00650407 0.04878049 0.00162602 0.00325203 0.00487805 0.00162602
 0.00325203 0.11544715 0.17073171 0.00487805 0.06666667]",17,1.803265753669235,0.7909524753784123
143,308011,308210,2,[  1   3 271   8 253   1   7  71],"[0, 1]","[3, 5]","[0.00162602 0.00487805 0.44065041 0.01300813 0.41138211 0.00162602
 0.01138211 0.11544715]",8,1.1300373041980216,0.6229360830193668
144,308111,308310,1,[  3 279   8 325],[0],[2],[0.00487805 0.45365854 0.01300813 0.52845528],4,0.7780732587255932,0.5147359376032785
145,308261,308460,1,[535  80],[],[],[0.8699187 0.1300813],2,0.38654122656542195,0.2263203119836077
146,308361,308560,2,[207   1 327   6  74],[],[1],[0.33658537 0.00162602 0.53170732 0.0097561  0.1203252 ],5,1.0127748860149568,0.5894216405578689
147,308461,308660,1,[213   1 401],[],[1],[0.34634146 0.00162602 0.65203252],3,0.6565267171625475,0.4548985392292948
148,308511,308710,2,[186  27   1 296   2 103],[],"[2, 4]",[0.30243902 0.04390244 0.00162602 0.48130081 0.00325203 0.16747967],6,1.17920559248706,0.6468900786568841
149,308561,308760,1,[483   2 130],[],[1],[0.78536585 0.00325203 0.21138211],3,0.5368843545796265,0.33850750214819225
150,317111,317310,1,[520   4  91],[],[1],[0.84552846 0.00650407 0.14796748],3,0.45735499210447084,0.2631449534007534
151,318211,318410,1,[  1 144   2 468],[0],[2],[0.00162602 0.23414634 0.00325203 0.76097561],4,0.5768701182300583,0.36607839249124197
152,318411,318610,2,[291 110   4   1   8   1 200],[],"[2, 3, 5]","[0.47317073 0.17886179 0.00650407 0.00162602 0.01300813 0.00162602
 0.32520325]",7,1.1373391880153054,0.6381439619274241
153,318511,318710,3,[ 63   1 227  55  55   1   1   2   1   2   6   1  16   2 182],[],"[1, 5, 6, 7, 8, 11, 13]","[0.10243902 0.00162602 0.36910569 0.08943089 0.08943089 0.00162602
 0.00162602 0.00325203 0.00162602 0.00325203 0.0097561  0.00162602
 0.02601626 0.00325203 0.29593496]",15,1.641641993645448,0.7488769912089365
154,318561,318760,4,"[ 22  41   1   3  12 212  27  28  55   1   1   2   1   2   6   1   2  14
   2 182]",[3],"[2, 9, 10, 11, 12, 15, 18]","[0.03577236 0.06666667 0.00162602 0.00487805 0.0195122  0.34471545
 0.04390244 0.04552846 0.08943089 0.00162602 0.00162602 0.00325203
 0.00162602 0.00325203 0.0097561  0.00162602 0.00325203 0.02276423
 0.00325203 0.29593496]",20,1.8817282899529677,0.7747980699319188
155,318611,318810,2,[ 51  86   1   1   2   3  12 459],[5],"[2, 3, 4]","[0.08292683 0.1398374  0.00162602 0.00162602 0.00325203 0.00487805
 0.0195122  0.74634146]",8,0.842220589450237,0.41612267829995364
156,318711,318910,1,[  3  64   1 547],[0],[2],[0.00487805 0.10406504 0.00162602 0.88943089],4,0.37609730987831136,0.19805671227443988
157,318761,318960,1,[  1 402 212],[0],[],[0.00162602 0.65365854 0.34471545],3,0.6554921379604803,0.4538991341132923
158,318911,319110,2,[  1 276   5 121  78 134],[0],[2],[0.00162602 0.44878049 0.00813008 0.19674797 0.12682927 0.21788618],6,1.3229193309081118,0.6962575186727478
159,318961,319160,1,[354   5 256],[],[1],[0.57560976 0.00813008 0.41626016],3,0.7218763774027868,0.49533478749421644
160,322611,322810,1,[ 72 543],[],[],[0.11707317 0.88292683],2,0.3610526396873587,0.2067340868530636
161,327261,327460,1,[  3 391   5 216],[0],[2],[0.00487805 0.63577236 0.00813008 0.35121951],4,0.7205363841606114,0.47234846982616174
162,327361,327560,2,[  1   2 330   4  57   1   1   3   2 214],"[0, 1]","[0, 3, 5, 6, 7]","[0.00162602 0.00325203 0.53658537 0.00650407 0.09268293 0.00162602
 0.00162602 0.00487805 0.00325203 0.34796748]",10,1.0491231320570173,0.5823094718752064
163,327411,327610,3,[  1   2 272  58   2   2   3   1  53   1   1   3   1   1   1 213],"[0, 1]","[0, 4, 5, 7, 9, 10, 11]","[0.00162602 0.00325203 0.44227642 0.09430894 0.00325203 0.00325203
 0.00487805 0.00162602 0.08617886 0.00162602 0.00162602 0.00487805
 0.00162602 0.00162602 0.00162602 0.34634146]",16,1.342898501670027,0.6680203582523631
164,327461,327660,3,[253  20  52   8   1   1   1   2   1   4   1   1  42   1 227],[11],"[4, 5, 6, 7, 8, 10, 13]","[0.41138211 0.03252033 0.08455285 0.01300813 0.00162602 0.00162602
 0.00162602 0.00325203 0.00162602 0.00650407 0.00162602 0.00162602
 0.06829268 0.00162602 0.36910569]",15,1.4178179725860387,0.6814145019498976
165,327511,327710,4,"[196  57  18   2  30   1  21   7   1   1   1   1   1   1   1   4   1   1
  32  10   1  39 188]",[17],"[5, 9, 10, 11, 12, 13, 14, 16, 20]","[0.31869919 0.09268293 0.02926829 0.00325203 0.04878049 0.00162602
 0.03414634 0.01138211 0.00162602 0.00162602 0.00162602 0.00162602
 0.00162602 0.00162602 0.00162602 0.00650407 0.00162602 0.00162602
 0.05203252 0.01626016 0.00162602 0.06341463 0.30569106]",23,1.926054437498318,0.784786833234186
166,327561,327760,4,"[ 77 123  57   1  17   2   1   1   1   1   1  30  33   1  18  14   2  18
  28 185   4]",[10],"[6, 7, 8, 9, 13, 16]","[0.12520325 0.2        0.09268293 0.00162602 0.02764228 0.00325203
 0.00162602 0.00162602 0.00162602 0.00162602 0.00162602 0.04878049
 0.05365854 0.00162602 0.02926829 0.02276423 0.00325203 0.02926829
 0.04552846 0.30081301 0.00650407]",21,2.143904512884054,0.8348364069006543
167,327611,327810,3,[  1 107 157   1  75  14   1   1   2  19  45 186   6],[0],"[3, 6, 7, 8]","[0.00162602 0.17398374 0.25528455 0.00162602 0.12195122 0.02276423
 0.00162602 0.00162602 0.00325203 0.03089431 0.07317073 0.30243902
 0.0097561 ]",13,1.7615384092895816,0.7912750347015665
168,327661,327860,2,[127 203   1 264  20],[],[2],[0.20650407 0.3300813  0.00162602 0.42926829 0.03252033],5,1.176487662233459,0.6630709233921608
169,327711,327910,1,[391   1 223],[],[1],[0.63577236 0.00162602 0.36260163],3,0.6662337133514211,0.4643109260360896
170,331261,331460,1,[  1 534   3  77],[0],[2],[0.00162602 0.86829268 0.00487805 0.12520325],4,0.41918286560573415,0.23036552316742687
171,332161,332360,1,[  2 340   5 268],[0],[2],[0.00325203 0.55284553 0.00813008 0.43577236],4,0.7473791707533952,0.5043875999735606
172,345311,345510,1,[310   2 303],[],[1],[0.50406504 0.00325203 0.49268293],3,0.7127039805723581,0.5031713926895367
173,345411,345610,2,[164   4 142   2 263  40],[],"[1, 3]",[0.26666667 0.00650407 0.23089431 0.00325203 0.42764228 0.06504065],6,1.2832991836187837,0.6884156256196708
174,345511,345710,1,[429   4 182],[],[1],[0.69756098 0.00650407 0.29593496],3,0.6443224097372893,0.42578888227906675
175,346311,346510,1,[  3 141   4 467],[0],[2],[0.00487805 0.22926829 0.00650407 0.75934959],4,0.6054402805135412,0.37075814660585626
176,346961,347160,1,[  7 276   7 325],[0],[2],[0.01138211 0.44878049 0.01138211 0.52845528],4,0.7985059014945302,0.5190719809637121
177,354561,354760,1,[422   4 189],[],[1],[0.68617886 0.00650407 0.30731707],3,0.6537725022553813,0.43467248331019903
178,355411,355610,1,[529   1  85],[],[1],[0.8601626  0.00162602 0.13821138],3,0.4135275730834004,0.24101526868927237
179,358111,358310,1,[  2  90   4 519],[0],[2],[0.00325203 0.14634146 0.00650407 0.84390244],4,0.47584591415055116,0.26635997091678243
180,362811,363010,1,[  1 379   3 232],[0],[2],[0.00162602 0.61626016 0.00487805 0.37723577],4,0.7024919770441963,0.47789014475510605
181,363111,363310,1,[452   1 162],[],[1],[0.73495935 0.00162602 0.26341463],3,0.5881670619661687,0.3904448410337762
182,365611,365810,1,[294   4 317],[],[1],[0.47804878 0.00650407 0.51544715],3,0.7271678103087131,0.505741291559257
183,365811,366010,1,[445   2 168],[],[1],[0.72357724 0.00325203 0.27317073],3,0.6072234085140882,0.40180315949500955
184,365961,366160,2,[161   2 282   2  37 131],[],"[1, 3]",[0.26178862 0.00325203 0.45853659 0.00325203 0.0601626  0.21300813],6,1.244140483096805,0.6721977658800977
185,366011,366210,1,[198   2 415],[],[1],[0.32195122 0.00325203 0.67479675],3,0.6489413697018387,0.44098618547161084
186,372261,372460,1,[543   1  71],[],[1],[0.88292683 0.00162602 0.11544715],3,0.36962124017389947,0.20710952475378408
187,372311,372510,2,[541   2   1   9  62],[],[2],[0.8796748  0.00325203 0.00162602 0.01463415 0.10081301],5,0.43498246734165924,0.21578161147465147
188,372461,372660,2,[383   2 165   1  64],[],"[1, 3]",[0.62276423 0.00325203 0.26829268 0.00162602 0.10406504],5,0.9124625674066446,0.5293410007270805
189,372511,372710,1,[448   2 165],[],[1],[0.72845528 0.00325203 0.26829268],3,0.6024114293079341,0.39736135897944336
190,373561,373760,1,[356   2 257],[],[1],[0.57886179 0.00325203 0.41788618],3,0.6997130184365761,0.49027959547888167
191,374811,375010,1,[  1 472   1 141],[0],[2],[0.00162602 0.76747967 0.00162602 0.22926829],4,0.5616723072541538,0.3584057108863772
192,375511,375710,1,[528   2  85],[],[1],[0.85853659 0.00325203 0.13821138],3,0.4230946434817978,0.2438019697270144
193,375711,375910,1,[443   2 170],[],[1],[0.7203252  0.00325203 0.27642276],3,0.6103646470103237,0.4047114812611542
194,377161,377360,1,[  1 542   1  71],[0],[2],[0.00162602 0.88130081 0.00162602 0.11544715],4,0.38148496040778346,0.20997554365787552
195,377861,378060,1,[387   3 225],[],[1],[0.62926829 0.00487805 0.36585366],3,0.6853153026609498,0.4701487209994051
196,391561,391760,2,[  1   4 146  22   1   1 300   2 138],"[0, 1]","[4, 5, 7]","[0.00162602 0.00650407 0.23739837 0.03577236 0.00162602 0.00162602
 0.48780488 0.00325203 0.22439024]",9,1.228717026347243,0.6539969594817899
197,391611,391810,3,[  1   3   1 120  26  16   1   5   1   1 292   8   1   1   1  35 102],"[0, 1, 2, 14]","[6, 8, 9, 12, 13]","[0.00162602 0.00487805 0.00162602 0.19512195 0.04227642 0.02601626
 0.00162602 0.00813008 0.00162602 0.00162602 0.47479675 0.01300813
 0.00162602 0.00162602 0.00162602 0.05691057 0.16585366]",17,1.5674011022629122,0.703004825170203
198,391761,391960,1,[  1 469   1 144],[0],[2],[0.00162602 0.76260163 0.00162602 0.23414634],4,0.5674989937573324,0.36360896291889766
199,393211,393410,1,[  7 107   4 497],[0],[2],[0.01138211 0.17398374 0.00650407 0.80813008],4,0.5601125495214525,0.3164835745918435
200,393261,393460,2,[  3   3   1  88  19   1   2   1 287 210],"[0, 1, 2]","[5, 6, 7]","[0.00487805 0.00487805 0.00162602 0.14308943 0.03089431 0.00162602
 0.00325203 0.00162602 0.46666667 0.34146341]",10,1.2100906812291963,0.6441298169079251
201,393311,393510,3,[  2   1   3   1   1  86   1  16   3   1   2   1 281   6  96   2 112],"[0, 1, 2, 3, 4]","[9, 10, 11, 15]","[0.00325203 0.00162602 0.00487805 0.00162602 0.00162602 0.1398374
 0.00162602 0.02601626 0.00487805 0.00162602 0.00325203 0.00162602
 0.45691057 0.0097561  0.15609756 0.00325203 0.18211382]",17,1.5436330601429076,0.7132791327913279
202,393411,393610,2,[  2   1   1 371   7   2 112   3 116],"[0, 1, 2]","[5, 7]","[0.00325203 0.00162602 0.00162602 0.60325203 0.01138211 0.00325203
 0.18211382 0.00487805 0.18861789]",9,1.0647294261603737,0.5671650472602288
203,393461,393660,1,[  1 487   3 124],[0],[2],[0.00162602 0.79186992 0.00487805 0.20162602],4,0.5440688061118022,0.3322625421376165
204,401961,402160,1,[  1 442   4 168],[0],[2],[0.00162602 0.71869919 0.00650407 0.27317073],4,0.6350692696559981,0.4088042831647829
205,402011,402210,2,[  1 132   4 306   4 168],[0],"[2, 4]",[0.00162602 0.21463415 0.00650407 0.49756098 0.00650407 0.27317073],6,1.1080235712088982,0.6316557604600437
206,402161,402360,1,[132   4 479],[],[1],[0.21463415 0.00650407 0.77886179],3,0.557687930593983,0.3472641945931655
207,408761,408960,1,[  1 531   4  79],[0],[2],[0.00162602 0.86341463 0.00650407 0.12845528],4,0.4336056969628695,0.23796946262145557
208,408911,409110,2,[  1 311   2 218   1   3  23  56],[0],"[2, 4, 5]","[0.00162602 0.50569106 0.00325203 0.35447154 0.00162602 0.00487805
 0.03739837 0.09105691]",8,1.1189983454481012,0.6088968206755238
209,408961,409160,1,[336   2 277],[],[1],[0.54634146 0.00325203 0.4504065 ],3,0.7081450428916409,0.4986344107343512
210,409111,409310,1,[  1 516  98],[0],[],[0.00162602 0.83902439 0.15934959],3,0.45037364358179854,0.2706431356996498
211,409311,409510,1,[149   1 465],[],[1],[0.24227642 0.00162602 0.75609756],3,0.5653045553122186,0.36961596933042495
212,409411,409610,2,[ 35 114   1 176   1 288],[],"[2, 4]",[0.05691057 0.18536585 0.00162602 0.28617886 0.00162602 0.46829268],6,1.2097497366277064,0.6611990217463151
213,409511,409710,1,[211   1 403],[],[1],[0.34308943 0.00162602 0.65528455],3,0.6544458440212118,0.4528891532817767
214,411061,411260,1,[200   1 414],[],[1],[0.32520325 0.00162602 0.67317073],3,0.6421556231345057,0.44108136691123
215,411611,411810,1,[  1 268   3 343],[0],[2],[0.00162602 0.43577236 0.00487805 0.55772358],4,0.7240256970409384,0.4990204243505849
216,413861,414060,1,[510   1 104],[],[1],[0.82926829 0.00162602 0.16910569],3,0.4662301968681891,0.2837147200740301
217,414861,415060,1,[422   1 192],[],[1],[0.68617886 0.00162602 0.31219512],3,0.6323029930869553,0.43169013153546176
218,415161,415360,1,[  2 410 203],[0],[],[0.00325203 0.66666667 0.3300813 ],3,0.6548067497854974,0.4465913146936348
219,415211,415410,2,[  1   1   1 276   6 127 178   2  23],"[0, 1, 2]","[4, 7]","[0.00162602 0.00162602 0.00162602 0.44878049 0.0097561  0.20650407
 0.28943089 0.00325203 0.03739837]",9,1.2621863507121693,0.6706695749884328
220,415311,415510,3,[  1   1   1 154 122   5   1 105  22  14 164   2   1  22],"[0, 1, 2]","[5, 6, 11]","[0.00162602 0.00162602 0.00162602 0.2504065  0.19837398 0.00813008
 0.00162602 0.17073171 0.03577236 0.02276423 0.26666667 0.00325203
 0.00162602 0.03577236]",14,1.7562379529373562,0.7945164915063785
221,415361,415560,2,[  1 168 287   5   1   2 107  44],[0],"[3, 4, 5]","[0.00162602 0.27317073 0.46666667 0.00813008 0.00162602 0.00325203
 0.17398374 0.07154472]",8,1.2817395725774503,0.6721290237292616
222,415411,415610,1,[280   1 334],[],[1],[0.45528455 0.00162602 0.54308943],3,0.7002203482266678,0.49776720206226455
223,416061,416260,1,[522   5  88],[],[1],[0.84878049 0.00813008 0.14308943],3,0.4564916822601926,0.25903100006609836
224,416711,416910,1,[541   3  71],[],[1],[0.8796748  0.00487805 0.11544715],3,0.3879865962749989,0.21282041113094063
225,417211,417410,1,[  4 462 149],[0],[],[0.00650407 0.75121951 0.24227642],3,0.5911114438876296,0.37692907660783925
226,418311,418510,1,[551   1  63],[],[1],[0.89593496 0.00162602 0.10243902],3,0.3422997188537985,0.18680415096833913
227,418461,418660,2,[386 165   1   1   1  61],[3],"[2, 4]",[0.62764228 0.26829268 0.00162602 0.00162602 0.00162602 0.09918699],6,0.9058539206169365,0.5242382179919358
228,418511,418710,1,[  1 386   1 227],[0],[2],[0.00162602 0.62764228 0.00162602 0.36910569],4,0.6811070180801714,0.46982087381849413
229,419111,419310,1,[432   3 180],[],[1],[0.70243902 0.00487805 0.29268293],3,0.6336744236639198,0.4208923259964308
230,423061,423260,1,[  1  95   3 516],[0],[2],[0.00162602 0.15447154 0.00487805 0.83902439],4,0.4721828652755552,0.2721501751602883
231,424461,424660,1,[  1 439   1 174],[0],[2],[0.00162602 0.71382114 0.00162602 0.28292683],4,0.6187428134921629,0.41040650406504064
232,429111,429310,1,[492   1 122],[],[1],[0.8        0.00162602 0.19837398],3,0.5098465019989196,0.3206451186463083
233,429261,429460,3,[369   4   4 115   1 121   1],[],"[2, 4]","[0.6        0.00650407 0.00650407 0.18699187 0.00162602 0.19674797
 0.00162602]",7,1.0262854103774235,0.5662343842950623
234,429311,429510,3,[366 125   4   4 116],[],[3],[0.59512195 0.20325203 0.00650407 0.00650407 0.18861789],5,1.0128257893593877,0.5688571617423491
235,429361,429560,4,[366  10 115   4   4 116],[],[4],[0.59512195 0.01626016 0.18699187 0.00650407 0.00650407 0.18861789],6,1.0694862307757673,0.5749381981624695
236,429411,429610,5,[358   1   7   2   8   4 111   4   4 116],[],"[1, 8]","[0.58211382 0.00162602 0.01138211 0.00325203 0.01300813 0.00650407
 0.1804878  0.00650407 0.00650407 0.18861789]",10,1.1733558389986438,0.5925520523497918
237,429461,429660,3,[482   1   7   2   8   4 111],[],[1],"[0.78373984 0.00162602 0.01138211 0.00325203 0.01300813 0.00650407
 0.1804878 ]",7,0.6692396816268694,0.35282173309538
238,429511,429710,2,[484   1  15   4 111],[],[1],[0.78699187 0.00162602 0.02439024 0.00650407 0.1804878 ],5,0.6312923854365478,0.34742811818362107
239,429561,429760,1,[488   1 126],[],[1],[0.79349593 0.00162602 0.20487805],3,0.5187841566972138,0.3283865424020095
240,429661,429860,1,[132   2 481],[],[1],[0.21463415 0.00325203 0.78211382],3,0.541120958760352,0.34221957829334393
241,429811,430010,2,[132   2 416   3  62],[],"[1, 3]",[0.21463415 0.00325203 0.67642276 0.00487805 0.10081301],5,0.8706313976439057,0.48618679357525285
242,429861,430060,2,[209   2 339   3  62],[],"[1, 3]",[0.3398374  0.00325203 0.55121951 0.00487805 0.10081301],5,0.971010303314586,0.5704699583581201
243,430011,430210,1,[209   2 404],[],[1],[0.3398374  0.00325203 0.65691057],3,0.6614502942812008,0.4529684711481261
244,432111,432310,3,[  1 302  65  89   2   1 134  21],[0],"[4, 5]","[0.00162602 0.49105691 0.10569106 0.14471545 0.00325203 0.00162602
 0.21788618 0.03414634]",8,1.3533221581425807,0.6780937272787362
245,432311,432510,1,[  1 450 164],[0],[],[0.00162602 0.73170732 0.26666667],3,0.5914767289331309,0.393490647101593
246,432411,432610,2,[  1   2 359   1  88 164],"[0, 1]",[3],[0.00162602 0.00325203 0.58373984 0.00162602 0.14308943 0.26666667],6,0.9844145187566599,0.5676462423160817
247,432511,432710,1,[  3 523   1  88],[0],[2],[0.00487805 0.8504065  0.00162602 0.14308943],4,0.45241481699994684,0.2563077533214356
248,433011,433210,1,[  2 154   2 457],[0],[2],[0.00325203 0.2504065  0.00325203 0.74308943],4,0.6046408058023062,0.38509352898407045
249,433061,433260,3,[  2 154   2 311   2  74   2  68],[0],"[2, 4, 6]","[0.00325203 0.2504065  0.00325203 0.50569106 0.00325203 0.1203252
 0.00325203 0.11056911]",8,1.2643233820292754,0.6548271531495802
250,433211,433410,3,[  2 166   1 298   2  74   2   2  68],[0],"[2, 4, 6, 7]","[0.00325203 0.2699187  0.00162602 0.48455285 0.00325203 0.1203252
 0.00325203 0.00325203 0.11056911]",9,1.2878070643278836,0.6656038072575847
251,433261,433460,1,[  2 166   3 444],[0],[2],[0.00325203 0.2699187  0.00487805 0.72195122],4,0.6332999754256753,0.4058959613986385
252,437161,437360,1,[  1 401   4 209],[0],[2],[0.00162602 0.65203252 0.00650407 0.3398374 ],4,0.6888229695056085,0.45931918831383434
253,439761,439960,1,[  2 396   3 214],[0],[2],[0.00325203 0.64390244 0.00487805 0.34796748],4,0.6953766969145265,0.46427391103179316
254,440561,440760,1,[529   1  85],[],[1],[0.8601626  0.00162602 0.13821138],3,0.4135275730834004,0.24101526868927237
255,440661,440860,2,[256   1 272   1   6  79],[],"[1, 3]",[0.41626016 0.00162602 0.44227642 0.00162602 0.0097561  0.12845528],6,1.055312471091815,0.6145178134708176
256,440761,440960,1,[262   1 352],[],[1],[0.42601626 0.00162602 0.57235772],3,0.6933223754553999,0.4909141384096768
257,440911,441110,2,[458   1  65   2  78  11],[],"[1, 3]",[0.74471545 0.00162602 0.10569106 0.00325203 0.12682927 0.01788618],6,0.8199512276256996,0.41780950492431757
258,441061,441260,3,[277   2 179   1  65   1   1  60  18  11],[],"[1, 3, 5, 6]","[0.4504065  0.00325203 0.29105691 0.00162602 0.10569106 0.00162602
 0.00162602 0.09756098 0.02926829 0.01788618]",10,1.4083204974976344,0.690536056580078
259,441111,441310,1,[415   2 198],[],[1],[0.67479675 0.00325203 0.32195122],3,0.6489413697018387,0.44098618547161084
260,450011,450210,1,[  1 474   1 139],[0],[2],[0.00162602 0.77073171 0.00162602 0.22601626],4,0.5577130853859773,0.35488399762046396
261,451011,451210,1,[  2 490   2 121],[0],[2],[0.00325203 0.79674797 0.00325203 0.19674797],4,0.5381720460492254,0.32646176217859746
262,454911,455110,1,[  1 546   3  65],[0],[2],[0.00162602 0.88780488 0.00487805 0.10569106],4,0.3795719098131213,0.2006054597131337
263,456761,456960,1,[539   2  74],[],[1],[0.87642276 0.00325203 0.1203252 ],3,0.3890307166224887,0.21739440809042243
264,457111,457310,1,[  1 236   8 370],[0],[2],[0.00162602 0.38373984 0.01300813 0.60162602],4,0.7401654378786438,0.4906180183753056
265,457511,457710,1,[142   3 470],[],[1],[0.23089431 0.00487805 0.76422764],3,0.5699025189344652,0.36262013351840827
266,459061,459260,1,[519   2  94],[],[1],[0.84390244 0.00325203 0.15284553],3,0.44894890316001956,0.26445634212439695
267,463511,463710,1,[  6 432   4 173],[0],[2],[0.0097561  0.70243902 0.00650407 0.28130081],4,0.6828010739375434,0.4273117853129751
268,464161,464360,1,[534   2  79],[],[1],[0.86829268 0.00325203 0.12845528],3,0.4048677105532518,0.22955648093066305
269,464361,464560,1,[  2 496   3 114],[0],[2],[0.00325203 0.80650407 0.00487805 0.18536585],4,0.5304508629290208,0.3151563222949303
270,464661,464860,1,[  1 460   2 152],[0],[2],[0.00162602 0.74796748 0.00325203 0.24715447],4,0.5917355707463576,0.37944609689999353
271,464761,464960,2,[  1 320   2 138   2  51   2  99],[0],"[2, 4, 6]","[0.00162602 0.5203252  0.00325203 0.22439024 0.00325203 0.08292683
 0.00325203 0.16097561]",8,1.2420733528124916,0.6460863242778768
272,464861,465060,1,[372   4 239],[],[1],[0.60487805 0.00650407 0.38861789],3,0.7041450643175404,0.48305638178333
273,466411,466610,1,[526   2  87],[],[1],[0.85528455 0.00325203 0.14146341],3,0.42899017254781213,0.24846586026835893
274,468961,469160,1,[  1 540   1  73],[0],[2],[0.00162602 0.87804878 0.00162602 0.11869919],4,0.38804360997672044,0.21493555423359112
275,469761,469960,2,[500   1   2 112],[],[2],[0.81300813 0.00162602 0.00325203 0.18211382],4,0.5075373618597434,0.3058391169277548
276,473061,473260,1,[317   1 297],[],[1],[0.51544715 0.00162602 0.48292683],3,0.7035567270853801,0.5010932645911824
277,473211,473410,2,[301   1  15   1 227  70],[],"[1, 3]",[0.48943089 0.00162602 0.02439024 0.00162602 0.36910569 0.11382114],6,1.0763876928184233,0.610662965166237
278,473261,473460,1,[529   1  85],[],[1],[0.8601626  0.00162602 0.13821138],3,0.4135275730834004,0.24101526868927237
279,473411,473610,1,[507   2 106],[],[1],[0.82439024 0.00325203 0.17235772],3,0.480864678932162,0.29066296516623713
280,477461,477660,1,[499   2 114],[],[1],[0.81138211 0.00325203 0.18536585],3,0.5006411958421273,0.3072879899530703
281,477861,478060,1,[  2 547   2  64],[0],[2],[0.00325203 0.88943089 0.00325203 0.10406504],4,0.37694811986817234,0.19806200013219655
282,477911,478110,2,[  1   1   2 479   1  65   1   1   1  63],"[0, 1, 2]","[4, 6, 7]","[0.00162602 0.00162602 0.00325203 0.77886179 0.00162602 0.10569106
 0.00162602 0.00162602 0.00162602 0.10243902]",10,0.7468522827222395,0.371683521713266
283,478011,478210,3,[  1   1   2 446  33   1  33  32   1   1   1  13   1  49],"[0, 1, 2]","[5, 8, 9, 12]","[0.00162602 0.00162602 0.00325203 0.72520325 0.05365854 0.00162602
 0.05365854 0.05203252 0.00162602 0.00162602 0.00162602 0.02113821
 0.00162602 0.0796748 ]",14,1.0755326236392524,0.4587904025381718
284,478061,478260,2,[  2 447  34   1   1  46   1  83],[0],"[3, 4, 6]","[0.00325203 0.72682927 0.05528455 0.00162602 0.00162602 0.07479675
 0.00162602 0.13495935]",8,0.9061628878456226,0.4448357459184348
285,478111,478310,1,[496   2 117],[],[1],[0.80650407 0.00325203 0.1902439 ],3,0.5077648622975399,0.313347874942164
286,478611,478810,1,[  1 482   1 131],[0],[2],[0.00162602 0.78373984 0.00162602 0.21300813],4,0.5412646868118184,0.3403741159362814
287,479111,479310,1,[  2 511 102],[0],[],[0.00325203 0.83089431 0.16585366],3,0.4705354679525203,0.28209663560050224
288,479961,480160,1,[  2 272   4 337],[0],[2],[0.00325203 0.44227642 0.00650407 0.54796748],4,0.7418213224945558,0.5040703285081631
289,488361,488560,1,[  2 377   7 229],[0],[2],[0.00325203 0.61300813 0.01138211 0.37235772],4,0.7374166744954154,0.48543062991605523
290,492311,492510,1,[  1  89   2 523],[0],[2],[0.00162602 0.14471545 0.00325203 0.8504065 ],4,0.44660432150857476,0.25585299755436575
291,492461,492660,2,[  1   1  74   2  12   1   1  15 355   4 149],"[0, 1, 7]","[3, 5, 6, 9]","[0.00162602 0.00162602 0.1203252  0.00325203 0.0195122  0.00162602
 0.00162602 0.02439024 0.57723577 0.00650407 0.24227642]",11,1.1759934281864477,0.5925837794963316
292,492511,492710,1,[ 16 431   7 161],[0],[2],[0.02601626 0.70081301 0.01138211 0.26178862],4,0.7458800235846682,0.43952144887302536
293,492761,492960,1,[  3 523   1  88],[0],[2],[0.00487805 0.8504065  0.00162602 0.14308943],4,0.45241481699994684,0.2563077533214356
294,494811,495010,1,[  2 512   3  98],[0],[2],[0.00325203 0.83252033 0.00487805 0.15934959],4,0.48986429681941507,0.2814832441007338
295,496361,496560,1,[  1  80 534],[0],[],[0.00162602 0.1300813  0.86829268],3,0.3983807901176487,0.22914402802564615
296,497261,497460,1,[513   2 100],[],[1],[0.83414634 0.00325203 0.16260163],3,0.46525670433898325,0.27775001652455555
297,497661,497860,1,[  1 452   3 159],[0],[2],[0.00162602 0.73495935 0.00487805 0.25853659],4,0.6124581209720632,0.3929671491836869
298,498411,498610,1,[542   5  68],[],[1],[0.88130081 0.00813008 0.11056911],3,0.3939671681407715,0.21101725163593088
299,498861,499060,1,[  1 306   4 304],[0],[2],[0.00162602 0.49756098 0.00650407 0.49430894],4,0.7387952111083074,0.5080467975411461
300,499811,500010,1,[  1 226   1 387],[0],[2],[0.00162602 0.36747967 0.00162602 0.62926829],4,0.6802380953869047,0.4689748165774341
301,499961,500160,2,[  1 197   2  27   1 313   2  72],[0],"[2, 4, 6]","[0.00162602 0.3203252  0.00325203 0.04390244 0.00162602 0.50894309
 0.00325203 0.11707317]",8,1.1549021411821856,0.6227087051358319
302,500011,500210,1,[511   5  99],[],[1],[0.83089431 0.00813008 0.16097561],3,0.48707118598604976,0.2836354022076806
303,500411,500610,1,[  2 337   1 275],[0],[2],[0.00325203 0.54796748 0.00162602 0.44715447],4,0.7185876438257489,0.49977130015202587
304,501411,501610,1,[292   2 321],[],[1],[0.47479675 0.00325203 0.52195122],3,0.7116531537444151,0.5021243968537246
305,501661,501860,1,[518  97],[],[],[0.84227642 0.15772358],2,0.4358756980418994,0.2656937008394473
306,503361,503560,2,[474  77   2  62],[],[2],[0.77073171 0.12520325 0.00325203 0.10081301],4,0.7108028951234032,0.3801229426928415
307,503461,503660,3,[389   1  84  77   2  55   7],[],"[1, 4]","[0.63252033 0.00162602 0.13658537 0.12520325 0.00325203 0.08943089
 0.01138211]",7,1.117711724968403,0.5574459647035495
308,503511,503710,4,[  1 326   2  60   1  84  53  24   2  53   2   7],[0],"[2, 4, 8]","[0.00162602 0.5300813  0.00325203 0.09756098 0.00162602 0.13658537
 0.08617886 0.03902439 0.00325203 0.08617886 0.00325203 0.01138211]",12,1.5122201213783333,0.6742970454094785
309,503561,503760,3,[  1   1 308   1 124   2   1  85   1  56  35],"[0, 1, 6]","[3, 5, 8]","[0.00162602 0.00162602 0.50081301 0.00162602 0.20162602 0.00325203
 0.00162602 0.13821138 0.00162602 0.09105691 0.05691057]",11,1.3948675112423223,0.6778769251107144
310,503661,503860,2,[  1   1 365   1 159   2   1  85],"[0, 1, 6]","[3, 5]","[0.00162602 0.00162602 0.59349593 0.00162602 0.25853659 0.00325203
 0.00162602 0.13821138]",8,0.9932808802074561,0.5617978716372529
311,503711,503910,1,[  2 453   1 159],[0],[2],[0.00325203 0.73658537 0.00162602 0.25853659],4,0.6039943078748902,0.39058761319320523
312,506261,506460,1,[361   7 247],[],[1],[0.58699187 0.01138211 0.40162602],3,0.7300365228493348,0.4940075351973032
313,507111,507310,1,[  1 506   2 106],[0],[2],[0.00162602 0.82276423 0.00325203 0.17235772],4,0.4926167507391088,0.29333862119109
314,508111,508310,1,[545   2  68],[],[1],[0.88617886 0.00325203 0.11056911],3,0.36919775332755334,0.20245092207019622
315,508361,508560,1,[551   2  62],[],[1],[0.89593496 0.00325203 0.10081301],3,0.34839542865664563,0.1871267102914933
316,508561,508760,1,[ 14 340   1 260],[0],[2],[0.02276423 0.55284553 0.00162602 0.42276423],4,0.7881823707884346,0.5151113755039989
317,508711,508910,2,[ 13   1 271   2  67   1 209   1  50],"[0, 1]","[3, 5, 7]","[0.02113821 0.00162602 0.44065041 0.00325203 0.10894309 0.00162602
 0.3398374  0.00162602 0.08130081]",9,1.3049259248833205,0.6713940115010906
318,508761,508960,1,[494   3 118],[],[1],[0.80325203 0.00487805 0.19186992],3,0.5187130514751578,0.3179483111904291
319,508961,509160,1,[  6  72   1 536],[0],[2],[0.0097561  0.11707317 0.00162602 0.87154472],4,0.4265549056626574,0.22660585630246544
320,512911,513110,1,[240   1 374],[],[1],[0.3902439  0.00162602 0.60813008],3,0.6801181867738141,0.4778848568973495
321,512961,513160,2,[178  62   1  59   1 314],[],"[2, 4]",[0.28943089 0.10081301 0.00162602 0.09593496 0.00162602 0.51056911],6,1.1791443644074677,0.6361768788419591
322,513111,513310,1,[237   2 376],[],[1],[0.38536585 0.00325203 0.61138211],3,0.6869197219126214,0.4776944940181109
323,513461,513660,1,[413   3 199],[],[1],[0.67154472 0.00487805 0.32357724],3,0.6584558403608515,0.4443016722850156
324,513611,513810,2,[225   4 184   1   2  90 109],[],"[1, 3, 4]","[0.36585366 0.00650407 0.29918699 0.00162602 0.00325203 0.14634146
 0.17723577]",7,1.3786270951327815,0.7237543790072047
325,513661,513860,1,[316   4 295],[],[1],[0.51382114 0.00650407 0.4796748 ],3,0.7272849555167771,0.5058576244299028
326,513811,514010,1,[  2 331   4 278],[0],[2],[0.00325203 0.53821138 0.00650407 0.45203252],4,0.7437176764871611,0.5059422301540089
327,514811,515010,1,[  4 500   5 106],[0],[2],[0.00650407 0.81300813 0.00813008 0.17235772],4,0.54321420245103,0.3092021944609691
328,518061,518260,1,[438   3 174],[],[1],[0.71219512 0.00487805 0.28292683],3,0.6249013870354353,0.41270672218917315
329,518111,518310,2,[393   2  43   1   2   2   2   2 168],[5],"[1, 3, 4, 7]","[0.63902439 0.00325203 0.0699187  0.00162602 0.00325203 0.00325203
 0.00325203 0.00325203 0.27317073]",9,0.9302463283190548,0.512081433009452
330,518261,518460,1,[  2 395   5 213],[0],[2],[0.00325203 0.64227642 0.00813008 0.34634146],4,0.7093481338953941,0.46745191354352555
331,519461,519660,2,[  1 261   2 200   3 148],[0],"[2, 4]",[0.00162602 0.42439024 0.00325203 0.32520325 0.00487805 0.24065041],6,1.1268696704649837,0.6561861325930334
332,519661,519860,1,[499   2 114],[],[1],[0.81138211 0.00325203 0.18536585],3,0.5006411958421273,0.3072879899530703
333,520761,520960,1,[152   2 461],[],[1],[0.24715447 0.00325203 0.7495935 ],3,0.5801383143899181,0.3770136823319452
334,527611,527810,2,[394   1  62   4   3 151],[],"[1, 3, 4]",[0.64065041 0.00162602 0.10081301 0.00650407 0.00487805 0.24552846],6,0.9305411949516902,0.5190508295326856
335,532811,533010,1,[551  64],[],[],[0.89593496 0.10406504],2,0.33392406101257505,0.18647101592967164
336,535411,535610,1,[  1 550   2  62],[0],[2],[0.00162602 0.89430894 0.00325203 0.10081301],4,0.3602829519390387,0.19003503205763772
337,535711,535910,1,[547  68],[],[],[0.88943089 0.11056911],2,0.3477035379255439,0.19668715711547358
338,538861,539060,2,[289   1 108   4   1 212],[],"[1, 3, 4]",[0.4699187  0.00162602 0.17560976 0.00650407 0.00162602 0.34471545],6,1.081119905092933,0.6294612994910437
339,543761,543960,1,[  5 107   4 499],[0],[2],[0.00813008 0.17398374 0.00650407 0.81138211],4,0.5457271554909376,0.31128032255932303
340,546011,546210,1,[522   4  89],[],[1],[0.84878049 0.00650407 0.14471545],3,0.4516445519928961,0.2585868200145417
341,546911,547110,1,[545   3  67],[],[1],[0.88617886 0.00487805 0.10894309],3,0.37456779551925434,0.20279463282437693
342,551611,551810,1,[ 18 514   2  81],[0],[2],[0.02926829 0.83577236 0.00325203 0.13170732],4,0.5389131198785938,0.2832705400224734
343,553861,554060,1,[  1 436   3 175],[0],[2],[0.00162602 0.70894309 0.00487805 0.28455285],4,0.6379061695905857,0.41640293476105483
344,554361,554560,1,[426   1 188],[],[1],[0.69268293 0.00162602 0.30569106],3,0.6270820230540265,0.4267406966752595
345,554761,554960,1,[418   2 195],[],[1],[0.6796748  0.00325203 0.31707317],3,0.6452768254058696,0.4374961993522374
346,556061,556260,1,[485   1 129],[],[1],[0.78861789 0.00162602 0.2097561 ],3,0.525316556802721,0.33408156520589616
347,556861,557060,1,[426   3 186],[],[1],[0.69268293 0.00487805 0.30243902],3,0.6419866910790195,0.4286972040452113
348,557961,558160,1,[  1 285   1 328],[0],[2],[0.00162602 0.46341463 0.00162602 0.53333333],4,0.712568804511291,0.5007971445568115
349,558111,558310,2,[  1 245  40   1 235   1  92],[0],"[3, 5]","[0.00162602 0.39837398 0.06504065 0.00162602 0.38211382 0.00162602
 0.1495935 ]",7,1.2275237561635834,0.6686707647564281
350,558161,558360,1,[481   1 133],[],[1],[0.78211382 0.00162602 0.21626016],3,0.5338034206937303,0.34152686892722595
351,559211,559410,1,[  1 471   3 140],[0],[2],[0.00162602 0.76585366 0.00487805 0.22764228],4,0.5776158640454777,0.361620728402406
352,559461,559660,1,[  1 431   1 182],[0],[2],[0.00162602 0.70081301 0.00162602 0.29593496],4,0.630367302143604,0.42127833961266437
353,563411,563610,1,[  2 479   1 133],[0],[2],[0.00325203 0.77886179 0.00162602 0.21626016],4,0.5548786668724666,0.34659263665807405
354,564311,564510,1,[549   4  62],[],[1],[0.89268293 0.00650407 0.10081301],3,0.3654051073089446,0.19291162667724238
355,564561,564760,1,[  3 443   2 167],[0],[2],[0.00487805 0.7203252  0.00325203 0.27154472],4,0.6348929897077904,0.40736069799722396
356,571661,571860,1,[521  94],[],[],[0.84715447 0.15284553],2,0.42761335514491694,0.2589675457730187
357,572111,572310,1,[310   3 302],[],[1],[0.50406504 0.00487805 0.49105691],3,0.7205129859662505,0.5047577500165246
358,573611,573810,1,[  3 450   5 157],[0],[2],[0.00487805 0.73170732 0.00813008 0.25528455],4,0.6422157147791623,0.39934430563817835
359,574911,575110,1,[450   3 162],[],[1],[0.73170732 0.00487805 0.26341463],3,0.605934698021778,0.3951933372992267
360,575911,576110,1,[  1 272   7 335],[0],[2],[0.00162602 0.44227642 0.01138211 0.54471545],4,0.7531128999409964,0.5075444510542667
361,583411,583610,1,[  1 316   3 295],[0],[2],[0.00162602 0.51382114 0.00487805 0.4796748 ],4,0.7309424198720214,0.5058734880031727
362,585361,585560,2,[  1 429  65 120],[0],[],[0.00162602 0.69756098 0.10569106 0.19512195],4,0.8180463330143534,0.4641628660189041
363,586411,586610,1,[  3 483   1 128],[0],[2],[0.00487805 0.78536585 0.00162602 0.20813008],4,0.5528356753481309,0.3398559058761319
364,586661,586860,1,[291   4 320],[],[1],[0.47317073 0.00650407 0.5203252 ],3,0.7267524030172642,0.5053288386542402
365,588211,588410,1,[477   6 132],[],[1],[0.77560976 0.0097561  0.21463415],3,0.5725397039845536,0.35226650803093396
366,590211,590410,1,[441   5 169],[],[1],[0.71707317 0.00813008 0.27479675],3,0.6325672069020805,0.4102267169013155
367,592861,593060,1,[484   2 129],[],[1],[0.78699187 0.00325203 0.2097561 ],3,0.5347422850835498,0.33663560050234653
368,592961,593160,2,[  1 134   3 346   1   1   3 126],[0],"[2, 4, 5]","[0.00162602 0.21788618 0.00487805 0.56260163 0.00162602 0.00162602
 0.00487805 0.20487805]",8,1.0636685387475104,0.5939744860863243
369,593061,593260,1,[  1 138   3 473],[0],[2],[0.00162602 0.22439024 0.00487805 0.76910569],4,0.5736402122384157,0.3580990151364928
370,594261,594460,1,[530   1  84],[],[1],[0.86178862 0.00162602 0.13658537],3,0.410543528664555,0.23866217198757345
371,594311,594510,2,[  1 477  52   1  40  44],[0],[3],[0.00162602 0.77560976 0.08455285 0.00162602 0.06504065 0.07154472],6,0.793281517274918,0.38192610218785117
372,594461,594660,1,[  1 518  96],[0],[],[0.00162602 0.84227642 0.15609756],3,0.44493185825964876,0.2662013351840835
373,594711,594910,1,[  1 294   5 315],[0],[2],[0.00162602 0.47804878 0.00813008 0.51219512],4,0.7450693858718556,0.5090567783726618
374,594911,595110,1,[510   1 104],[],[1],[0.82926829 0.00162602 0.16910569],3,0.4662301968681891,0.2837147200740301
375,598411,598610,1,[102   3 510],[],[1],[0.16585366 0.00487805 0.82926829],3,0.47919538335551076,0.28478286734086855
376,598911,599110,1,[149   3 463],[],[1],[0.24227642 0.00487805 0.75284553],3,0.5831646052149666,0.3745019498975478
377,600311,600510,1,[423   3 189],[],[1],[0.68780488 0.00487805 0.30731707],3,0.6459727483774897,0.4324568709101726
378,601711,601910,1,[551   1  63],[],[1],[0.89593496 0.00162602 0.10243902],3,0.3422997188537985,0.18680415096833913
379,606061,606260,1,[  3 178   3 431],[0],[2],[0.00487805 0.28943089 0.00487805 0.70081301],4,0.659928393792347,0.42504329433538235
380,606161,606360,2,[  1   2 173   5   1   1   1   3 124   1 303],"[0, 1, 7]","[4, 5, 6, 9]","[0.00162602 0.00325203 0.28130081 0.00813008 0.00162602 0.00162602
 0.00162602 0.00487805 0.20162602 0.00162602 0.49268293]",11,1.164346298958105,0.6373666468372001
381,606261,606460,1,[  3 299   2 311],[0],[2],[0.00487805 0.48617886 0.00325203 0.50569106],4,0.7400119338899629,0.5078722982351774
382,607561,607760,1,[519   4  92],[],[1],[0.84390244 0.00650407 0.1495935 ],3,0.46017862244702606,0.2654081565205897
383,607711,607910,2,[383   2 134   1   3  12  80],[],"[1, 3, 4]","[0.62276423 0.00325203 0.21788618 0.00162602 0.00487805 0.0195122
 0.1300813 ]",7,1.0241083233380621,0.5473514442461497
384,607761,607960,1,[395   3 217],[],[1],[0.64227642 0.00487805 0.35284553],3,0.6778930975297257,0.46295723445039316
385,609761,609960,1,[ 11 533   2  69],[0],[2],[0.01788618 0.86666667 0.00325203 0.11219512],4,0.4600476169780495,0.2359706523894507
386,609811,610010,2,[  1  10   2 396   2 133   2  69],"[0, 1, 2]","[4, 6]","[0.00162602 0.01626016 0.00325203 0.64390244 0.00325203 0.21626016
 0.00325203 0.11219512]",8,0.9933384555450893,0.5257346817370612
387,609961,610160,1,[  3 477   2 133],[0],[2],[0.00487805 0.77560976 0.00325203 0.21626016],4,0.5728353874254508,0.35162667724238217
388,610411,610610,1,[505   3 107],[],[1],[0.82113821 0.00487805 0.17398374],3,0.49204417197320893,0.2954379007204706
389,612511,612710,1,[518  97],[],[],[0.84227642 0.15772358],2,0.4358756980418994,0.2656937008394473
390,612811,613010,1,[  1  60   5 549],[0],[2],[0.00162602 0.09756098 0.00813008 0.89268293],4,0.3779573772630563,0.19353030603476762
391,613261,613460,1,[381   2 232],[],[1],[0.6195122  0.00325203 0.37723577],3,0.683027265349645,0.47388723643333996
392,614411,614610,1,[548   3  64],[],[1],[0.89105691 0.00487805 0.10406504],3,0.36421867195524005,0.19516425408156512
393,616811,617010,1,[507   1 107],[],[1],[0.82439024 0.00162602 0.17398374],3,0.47390232616724337,0.2901077401017914
394,617511,617710,1,[535   1  79],[],[1],[0.8699187  0.00162602 0.12845528],3,0.3952822841735778,0.22673805274638126
395,618411,618610,1,[  1 332   5 277],[0],[2],[0.00162602 0.5398374  0.00813008 0.4504065 ],4,0.7416143841376766,0.5056408222618811
396,620661,620860,1,[551   4  60],[],[1],[0.89593496 0.00650407 0.09756098],3,0.3582535994795887,0.187740101791262
397,620761,620960,2,[391   2 158   1   3   1   4  55],[5],"[1, 3, 4]","[0.63577236 0.00325203 0.25691057 0.00162602 0.00487805 0.00162602
 0.00650407 0.08943089]",8,0.9512396579985041,0.5217106219842687
398,620861,621060,1,[  1 395   3 216],[0],[2],[0.00162602 0.64227642 0.00487805 0.35121951],4,0.6882631620150916,0.4640994117258245
399,621061,621260,1,[464   2 149],[],[1],[0.75447154 0.00325203 0.24227642],3,0.5746617374325735,0.37206424747174294
400,625061,625260,1,[453   3 159],[],[1],[0.73658537 0.00487805 0.25853659],3,0.6008893607124763,0.3905770374776919
401,625561,625760,1,[  3 544   1  67],[0],[2],[0.00487805 0.88455285 0.00162602 0.10894309],4,0.38643749926207593,0.2056712274439818
402,625611,625810,2,[  3   2 336   5 201   1  67],"[0, 1]","[3, 5]","[0.00487805 0.00325203 0.54634146 0.00813008 0.32682927 0.00162602
 0.10894309]",7,1.0314476945447288,0.5827219247802233
403,625761,625960,1,[  5 336   5 269],[0],[2],[0.00813008 0.54634146 0.00813008 0.43739837],4,0.7702058613270506,0.5100614713464207
404,626261,626460,1,[  1 544   1  69],[0],[2],[0.00162602 0.88455285 0.00162602 0.11219512],4,0.3748226920230322,0.20497323022010716
405,626411,626610,2,[  1   2 352   6 184   1  12  57],"[0, 1]","[3, 5]","[0.00162602 0.00325203 0.57235772 0.0097561  0.29918699 0.00162602
 0.0195122  0.09268293]",8,1.0623442085364414,0.573811884460308
406,626461,626660,1,[  2 364   7 242],[0],[2],[0.00325203 0.59186992 0.01138211 0.39349593],4,0.746996897149284,0.4947108202789344
407,629661,629860,1,[343   3 269],[],[1],[0.55772358 0.00487805 0.43739837],3,0.7133056151938082,0.4976032784718092
408,630161,630360,1,[458 157],[],[],[0.74471545 0.25528455],2,0.5680666942065487,0.380228699847974
409,631661,631860,1,[525   1  89],[],[1],[0.85365854 0.00162602 0.14471545],3,0.42524385355161887,0.25032189834093466
410,632161,632360,1,[225 390],[],[],[0.36585366 0.63414634],2,0.6567119934093887,0.46400951814396196
411,635361,635560,1,[  1 102   1 511],[0],[2],[0.00162602 0.16585366 0.00162602 0.83089431],4,0.472789605125073,0.2821019234582589
412,635461,635660,2,[  1  40   1  61   1 421   1  89],[0],"[2, 4, 6]","[0.00162602 0.06504065 0.00162602 0.09918699 0.00162602 0.68455285
 0.00162602 0.14471545]",8,0.9878734161551805,0.4963659197567585
413,635561,635760,1,[463   2 150],[],[1],[0.75284553 0.00325203 0.24390244],3,0.5765015937943477,0.37372463480732376
414,637211,637410,1,[  1 402   1 211],[0],[2],[0.00162602 0.65365854 0.00162602 0.34308943],4,0.6658242096141658,0.4550148720999404
415,646961,647160,1,[230   1 384],[],[1],[0.37398374 0.00162602 0.62439024],3,0.6723458755365634,0.4702703417278076
416,656361,656560,1,[532   1  82],[],[1],[0.86504065 0.00162602 0.13333333],3,0.40450793511477223,0.2339242514376364
417,658861,659060,2,[  2 415   1   6   4 187],[0],[3],[0.00325203 0.67479675 0.00162602 0.0097561  0.00650407 0.30406504],6,0.7344110062316962,0.45204309604071646
418,659261,659460,1,[  1 212   3 399],[0],[2],[0.00162602 0.34471545 0.00487805 0.64878049],4,0.6842438410820846,0.4602286998479741
419,660211,660410,1,[  1  91   1 522],[0],[2],[0.00162602 0.14796748 0.00162602 0.84878049],4,0.4427756076963216,0.2576720206226454
420,660311,660510,2,[  1  73  18   1   1 296   2 223],"[0, 4]","[3, 6]","[0.00162602 0.11869919 0.02926829 0.00162602 0.00162602 0.48130081
 0.00325203 0.36260163]",8,1.1260739284201573,0.6219049507568246
421,660361,660560,3,[  1  54  19   2  16   1   1 267  29   1   1  64   3 156],"[0, 6]","[5, 9, 10, 12]","[0.00162602 0.08780488 0.03089431 0.00325203 0.02601626 0.00162602
 0.00162602 0.43414634 0.04715447 0.00162602 0.00162602 0.10406504
 0.00487805 0.25365854]",14,1.602457950359339,0.7247326326921806
422,660411,660610,3,[  1 205   2 115  33   1  14   1   1  29  37   3  45 128],[0],"[2, 5, 7, 8, 11]","[0.00162602 0.33333333 0.00325203 0.18699187 0.05365854 0.00162602
 0.02276423 0.00162602 0.00162602 0.04715447 0.0601626  0.00487805
 0.07317073 0.20813008]",14,1.8403000702226175,0.7959653645316941
423,660461,660660,4,"[  1 204   1   2  97  18  33   1  12   2   1   1  29  24  13   3  45  27
   1 100]",[0],"[3, 7, 10, 11, 15, 18]","[0.00162602 0.33170732 0.00162602 0.00325203 0.15772358 0.02926829
 0.05365854 0.00162602 0.0195122  0.00325203 0.00162602 0.00162602
 0.04715447 0.03902439 0.02113821 0.00487805 0.07317073 0.04390244
 0.00162602 0.16260163]",20,2.0963932777564005,0.8230021812413246
424,660511,660710,3,[233   1   2 121  31   4  78   1  40   1 103],[],"[2, 5, 7, 9]","[0.37886179 0.00162602 0.00325203 0.19674797 0.0504065  0.00650407
 0.12682927 0.00162602 0.06504065 0.00162602 0.16747967]",11,1.6597958559745651,0.7667869654306299
425,660561,660760,2,[315   1   3 161   1 134],[],"[2, 4]",[0.51219512 0.00162602 0.00487805 0.26178862 0.00162602 0.21788618],6,1.0723981148764374,0.6216194064379668
426,660611,660810,1,[479   1 135],[],[1],[0.77886179 0.00162602 0.2195122 ],3,0.5379528674016132,0.3451860664948114
427,660811,661010,1,[440   3 172],[],[1],[0.71544715 0.00487805 0.2796748 ],3,0.6218730536287402,0.4098935818626479
428,662361,662560,1,[529   2  84],[],[1],[0.8601626  0.00325203 0.13658537],3,0.4201136728195283,0.24145416088307237
429,663611,663810,3,[  2   1 108  21  10   1   2   1 469],"[0, 1]","[5, 6]","[0.00325203 0.00162602 0.17560976 0.03414634 0.01626016 0.00162602
 0.00325203 0.00162602 0.76260163]",9,0.7630266876844158,0.38614052481988237
430,664961,665160,1,[493   4 118],[],[1],[0.80162602 0.00650407 0.19186992],3,0.5267653801081857,0.3205393614911759
431,665611,665810,1,[526   2  87],[],[1],[0.85528455 0.00325203 0.14146341],3,0.42899017254781213,0.24846586026835893
432,668961,669160,1,[  1 545  69],[0],[],[0.00162602 0.88617886 0.11219512],3,0.3629529882802106,0.20209663560050228
433,670511,670710,1,[ 92   1 522],[],[1],[0.1495935  0.00162602 0.84878049],3,0.4338059589231861,0.2571908255667923
434,670661,670860,2,[ 87   1   4   1   1 342   3 176],[4],"[1, 3, 6]","[0.14146341 0.00162602 0.00650407 0.00162602 0.00162602 0.55609756
 0.00487805 0.28617886]",8,1.0510767786430084,0.5887712340538039
435,670711,670910,1,[  1 430   4 180],[0],[2],[0.00162602 0.69918699 0.00650407 0.29268293],4,0.6529961696920643,0.42542930795161604
436,671011,671210,1,[  1 324   7 283],[0],[2],[0.00162602 0.52682927 0.01138211 0.4601626 ],4,0.7561852886306835,0.5105691056910568
437,671361,671560,2,[  1 413   4 130  67],[0],[2],[0.00162602 0.67154472 0.00650407 0.21138211 0.10894309],5,0.8806093939921983,0.4924317535858286
438,671811,672010,2,[  2   3 120   4 381   2   2   1   1  99],"[0, 1]","[3, 5, 6, 8]","[0.00325203 0.00487805 0.19512195 0.00650407 0.6195122  0.00325203
 0.00325203 0.00162602 0.00162602 0.16097561]",10,1.0450005871328811,0.55211580408487
439,672861,673060,1,[337   5 273],[],[1],[0.54796748 0.00813008 0.44390244],3,0.7292630203652001,0.5026161676250909
440,674311,674510,1,[  3  75   2 535],[0],[2],[0.00487805 0.12195122 0.00325203 0.8699187 ],4,0.4224247892183699,0.22833498578888234
441,676161,676360,1,[418   1 196],[],[1],[0.6796748  0.00162602 0.31869919],3,0.6373268011324862,0.4364703549474518
442,685311,685510,1,[  2 398   4 211],[0],[2],[0.00325203 0.64715447 0.00650407 0.34308943],4,0.70002643679472,0.46342785379073304
443,685511,685710,1,[  2 437   1 175],[0],[2],[0.00325203 0.71056911 0.00162602 0.28455285],4,0.6295008921081313,0.4141080044946791
444,685911,686110,1,[531   1  83],[],[1],[0.86341463 0.00162602 0.13495935],3,0.4075370584949941,0.23629849957036164
445,686161,686360,1,[  1 449   6 159],[0],[2],[0.00162602 0.7300813  0.0097561  0.25853659],4,0.6350212896526035,0.400042302862053
446,686861,687060,1,[521   5  89],[],[1],[0.84715447 0.00813008 0.14471545],3,0.4593757666328022,0.2613206424747174
447,686911,687110,2,[313  10 198   4   1  85   4],[],"[1, 3, 4]","[0.50894309 0.01626016 0.32195122 0.00650407 0.00162602 0.13821138
 0.00650407]",7,1.1250693680712944,0.6178703152885188
448,687061,687260,1,[402  10 203],[],[1],[0.65365854 0.01626016 0.3300813 ],3,0.7107598217898191,0.463512459514839
449,687911,688110,1,[  1 188 426],[0],[],[0.00162602 0.30569106 0.69268293],3,0.6270820230540265,0.4267406966752596
450,696411,696610,1,[526  89],[],[],[0.85528455 0.14471545],2,0.4134319022679881,0.24754577301870584
451,697211,697410,1,[  1 458   1 155],[0],[2],[0.00162602 0.74471545 0.00162602 0.25203252],4,0.5877410004133797,0.38187322361028486
452,700061,700260,1,[297   3 315],[],[1],[0.48292683 0.00487805 0.51219512],3,0.7201675307000455,0.5044140392623438
453,700811,701010,1,[  1 328   2 284],[0],[2],[0.00162602 0.53333333 0.00325203 0.46178862],4,0.721128866913995,0.5022936083019367
454,701361,701560,1,[268   1 346],[],[1],[0.43577236 0.00162602 0.56260163],3,0.6960087280554899,0.49357921871901644
455,702211,702410,1,[  1 166 448],[0],[],[0.00162602 0.2699187  0.72845528],3,0.5947322824583885,0.3964941503073567
456,702861,703060,1,[  1 448 166],[0],[],[0.00162602 0.72845528 0.2699187 ],3,0.5947322824583885,0.3964941503073567
457,703061,703260,1,[493   1 121],[],[1],[0.80162602 0.00162602 0.19674797],3,0.5075707575296855,0.31868332341860006
458,703261,703460,2,[ 93 402 120],[],[],[0.15121951 0.65365854 0.19512195],3,0.8824279562261198,0.5117906008328376
459,703661,703860,1,[447   2 166],[],[1],[0.72682927 0.00325203 0.2699187 ],3,0.6040288385047758,0.39885253486681216
460,703911,704110,1,[  1 296   5 313],[0],[2],[0.00162602 0.48130081 0.00813008 0.50894309],4,0.7452723707639808,0.5092577169674136
461,711111,711310,1,[  1 107 507],[0],[],[0.00162602 0.17398374 0.82439024],3,0.4739023261672434,0.2901077401017914
462,711411,711610,3,[  1 246  66   2   1 202   5   2  90],"[0, 4]","[3, 6, 7]","[0.00162602 0.4        0.10731707 0.00325203 0.00162602 0.32845528
 0.00813008 0.00325203 0.14634146]",9,1.35023772422557,0.6990918104302994
463,724711,724910,1,[ 29 498   4  84],[0],[2],[0.04715447 0.8097561  0.00650407 0.13658537],4,0.6195666483346434,0.3233736532487276
464,725711,725910,1,[  4 434   2 175],[0],[2],[0.00650407 0.70569106 0.00325203 0.28455285],4,0.6550038205840949,0.42097693172053663
465,725861,726060,2,[  1   3   2 432   1   1   1 103  71],"[0, 1, 2, 6]","[4, 5]","[0.00162602 0.00487805 0.00325203 0.70243902 0.00162602 0.00162602
 0.00162602 0.16747967 0.11544715]",9,0.88297293056072,0.4651569832771498
466,725911,726110,1,[  4 539  72],[0],[],[0.00650407 0.87642276 0.11707317],3,0.399472949540526,0.21813470817635006
467,726011,726210,2,[  1   1   2   2 406   3 128  69   3],"[0, 1, 2, 3]",[5],"[0.00162602 0.00162602 0.00325203 0.00325203 0.6601626  0.00487805
 0.20813008 0.11219512 0.00487805]",9,0.9563265477228206,0.5082054332738449
468,726061,726260,6,"[  1   1   1   6   2 215  32  10  10   1   6   1   1   1   6 185   2   1
 133]","[0, 1, 2, 3, 4, 9, 13]","[8, 11, 12, 16, 17]","[0.00162602 0.00162602 0.00162602 0.0097561  0.00325203 0.3495935
 0.05203252 0.01626016 0.01626016 0.00162602 0.0097561  0.00162602
 0.00162602 0.00162602 0.0097561  0.30081301 0.00325203 0.00162602
 0.21626016]",19,1.603981702508554,0.7369634476832574
469,726111,726310,8,"[  1   1   1   3   2   1   1   1 215  32  10   3   3   4   1   1   5   1
   1   1   6  49  15   1   1   1 118   2   1 133]","[0, 1, 2, 3, 4, 5, 6, 7, 11, 14, 15, 17, 19, 21, 24]","[11, 12, 13, 17, 18, 23, 25, 27, 28]","[0.00162602 0.00162602 0.00162602 0.00487805 0.00325203 0.00162602
 0.00162602 0.00162602 0.3495935  0.05203252 0.01626016 0.00487805
 0.00487805 0.00650407 0.00162602 0.00162602 0.00813008 0.00162602
 0.00162602 0.00162602 0.0097561  0.0796748  0.02439024 0.00162602
 0.00162602 0.00162602 0.19186992 0.00325203 0.00162602 0.21626016]",30,1.917074680207094,0.783951351708639
470,726211,726410,7,"[  3   2   1   1   1   1   1 351  32  10   3   4   4   1   1   5   1   1
   1   6  49  15   1   1   1 118]","[0, 1, 2, 3, 4, 5, 6, 10, 13, 14, 16, 18, 20, 23]","[10, 11, 12, 16, 17, 22, 24]","[0.00487805 0.00325203 0.00162602 0.00162602 0.00162602 0.00162602
 0.00162602 0.57073171 0.05203252 0.01626016 0.00487805 0.00650407
 0.00650407 0.00162602 0.00162602 0.00813008 0.00162602 0.00162602
 0.00162602 0.0097561  0.0796748  0.02439024 0.00162602 0.00162602
 0.00162602 0.19186992]",26,1.5058626467876897,0.6271980963712076
471,726261,726460,2,[ 59 424   6   1   1 124],"[0, 3]","[2, 4]",[0.09593496 0.68943089 0.0097561  0.00162602 0.00162602 0.20162602],6,0.8701959829948422,0.47472800581664343
472,729461,729660,1,[ 59 359  55 142],[0],[2],[0.09593496 0.58373984 0.08943089 0.23089431],4,1.0934625702050633,0.5887342190495075
473,729561,729760,2,[  1  58   9 276   6  68   2  53 140   2],"[0, 1, 2, 6]","[4, 6, 7]","[0.00162602 0.09430894 0.01463415 0.44878049 0.0097561  0.11056911
 0.00325203 0.08617886 0.22764228 0.00325203]",10,1.5285874144426153,0.7178954326128627
474,729611,729810,3,[  1  57   1   9 217   4  55   6  68   2  32   1  20  85   8  47   2],"[0, 1, 2, 3, 9]","[2, 5, 7, 9, 10, 11, 12, 14]","[0.00162602 0.09268293 0.00162602 0.01463415 0.35284553 0.00650407
 0.08943089 0.0097561  0.11056911 0.00325203 0.05203252 0.00162602
 0.03252033 0.13821138 0.01300813 0.07642276 0.00325203]",17,2.047474524588822,0.8174287791658404
475,729661,729860,2,[ 12 391  14 122   6  70],[0],"[2, 4]",[0.0195122  0.63577236 0.02276423 0.19837398 0.0097561  0.11382114],6,1.064278967672163,0.5424919029678101
476,729761,729960,1,[479  14 122],[],[1],[0.77886179 0.02276423 0.19837398],3,0.6016516072668441,0.35350386674598455
477,731111,731310,1,[  3  89 523],[0],[],[0.00487805 0.14471545 0.8504065 ],3,0.44349937434616105,0.2558424218388524
478,739961,740160,1,[544   2  69],[],[1],[0.88455285 0.00325203 0.11219512],3,0.37256855485047957,0.2049679423623505
479,740361,740560,1,[517   1  97],[],[1],[0.84065041 0.00162602 0.15772358],3,0.4476627051468658,0.26842752329962316
480,744461,744660,1,[  7 452   3 153],[0],[2],[0.01138211 0.73495935 0.00487805 0.24878049],4,0.6493319342022859,0.39778967545773014
481,744961,745160,3,[  7   1   1  83   3   3 517],"[0, 1, 2]",[5],"[0.01138211 0.00162602 0.00162602 0.13495935 0.00487805 0.00487805
 0.84065041]",7,0.5399718916384344,0.2749104369092471
482,745161,745333,2,[ 10   1 490   5 109],"[0, 1]",[3],[0.01626016 0.00162602 0.79674797 0.00813008 0.17723577],5,0.6042424283002137,0.3334470222751008
