,target_name,chr,start,end,Pv_average_amount,Human_average_amount,Mixed_average_amount,Pf_average_amount,Pm_average_amount,Po_average_amount,Pv_average_cov,Human_average_cov,Mixed_average_cov,Pf_average_cov,Pm_average_cov,Po_average_cov,Human_proportion,Pf_proportion,Pm_proportion,Po_proportion,Name,Chr,Start,End,Hom Disc,Het Disc,Uncallable ,Concordance,Overall: ,Hom [%],Het [%],Uncall[%],Conc[%],Distance_bp,FINAL_amplicon,Comment,fix,hard_filter,Hom Disc,Het Disc,Concordance,Uncallable ,Callable,Hom Disc Prop of Callable,Uncallable Percentage,soft_filter,panel,chromosome,pos,avg_het,num_targets_in_region,het_diff,new_algo_decision
0,7761,PvP01_01_v2,388121,388197,1180.051136,4.333333333,836,2,0.333333333,3.666666667,0.980636961,0.833333333,1,0.631578933,0.219298233,0.846491233,0.367215725,0.169484181,0.028247363,0.310720998,7761,PvP01_01_v2,388121,388197,0,7,14,411,432,0,1.62037037,3.240740741,95.13888889,,double?,,,TRUE,0,7,411,14,414,0,3.240740741,TRUE,ANY,1,1,0.783168749,2,-0.050319254,NO
1,7907,PvP01_01_v2,395355,395521,101.0795455,0,181,1,0,1,0.974329135,0,1,0.423694767,0,0.194779133,0,0.989319843,0,0.989319843,7907,PvP01_01_v2,395355,395521,0,12,25,827,864,0,1.388888889,2.893518519,95.71759259,7234,keep,,,TRUE,0,10,827,27,833,0,3.125,TRUE,3_10,1,1,0.833488003,2,-0.050319254,YES
2,9495,PvP01_01_v2,474800,474876,1073.926136,1.666666667,720,1,0.333333333,3.666666667,0.975627991,0.473684233,1,0.447368433,0.008771933,0.653508767,0.155193789,0.093116274,0.031038758,0.341426337,9495,PvP01_01_v2,474800,474876,3,2,18,553,576,0.520833333,0.347222222,3.125,96.00694444,79445,keep,,,TRUE,3,2,553,18,557,0.538599641,3.125,TRUE,ANY,1,2,0.709302664,2,-0.086070461,NO
3,9674,PvP01_01_v2,483735,483883,133.9488636,0.333333333,92,0,0.333333333,0,0.965909091,0.1036036,1,0,0.114864867,0,0.248851184,0,0.248851184,0,9674,PvP01_01_v2,483735,483883,3,3,27,543,576,0.520833333,0.520833333,4.6875,94.27083333,8935,double?,,,TRUE,3,3,543,27,548,0.547445255,4.6875,TRUE,3_10,1,2,0.795373124,2,-0.086070461,YES
4,10969,PvP01_01_v2,548491,548590,389.5511364,0,302,1.333333333,0,1.333333333,0.971590909,0,1,0.5218855,0,0.326599333,0,0.342274276,0,0.342274276,10969,PvP01_01_v2,548491,548590,0,7,19,406,432,0,1.62037037,4.398148148,93.98148148,64756,keep,,,TRUE,0,7,406,19,410,0,4.398148148,TRUE,ANY,1,3,0.64372794,2,-0.223528323,NO
5,12243,PvP01_01_v2,612225,612348,56.07954545,0,68,0,0,0,0.965909091,0,1,0,0,0,0,0,0,0,12243,PvP01_01_v2,612225,612348,3,22,28,523,576,0.520833333,3.819444444,4.861111111,90.79861111,63734,keep,,,TRUE,3,22,523,28,539,0.556586271,4.861111111,TRUE,3_10,1,3,0.867256263,2,-0.223528323,YES
6,15441,PvP01_01_v2,772093,772211,522.3693182,1,342,0.333333333,0,1,0.977272727,0.166666667,1,0.166666667,0,0.319209033,0.191435439,0.063811813,0,0.191435439,15441,PvP01_01_v2,772093,772211,12,18,155,679,864,1.388888889,2.083333333,17.93981481,78.58796296,159868,double?,,,TRUE,12,17,678,157,702,1.709401709,18.1712963,TRUE,3_10,1,4,0.889565735,2,-0.137679952,YES
7,15983,PvP01_01_v2,799266,799330,323.1420455,1.666666667,294,0.333333333,1.333333333,0,0.965909091,0.604166667,1,0.1875,0.666666667,0,0.515769053,0.103153811,0.412615242,0,15983,PvP01_01_v2,799266,799330,1,3,10,274,288,0.347222222,1.041666667,3.472222222,95.13888889,27173,keep,,,TRUE,1,3,274,10,276,0.362318841,3.472222222,TRUE,ANY,1,4,0.751885782,2,-0.137679952,NO
8,24678,PvP01_02_v2,212447,212493,22.18181818,0,0,0,0,0,0.400444664,0,0,0,0,0,0,0,0,0,24678,PvP01_02_v2,212447,212493,2,8,338,84,432,0.462962963,1.851851852,78.24074074,19.44444444,,throw ,"high uncall; low depth, low coverage",,FALSE,2,8,83,339,91,2.197802198,78.47222222,FALSE,ANY,2,5,0.679516161,2,-0.090142111,NO
9,24710,PvP01_02_v2,213958,214133,258.7954545,0.666666667,190,0,0,0,0.965909091,0.0704762,1,0,0,0,0.2576037,0,0,0,24710,PvP01_02_v2,213958,214133,3,12,20,541,576,0.520833333,2.083333333,3.472222222,93.92361111,1511,keep,,,TRUE,3,12,541,20,549,0.546448087,3.472222222,TRUE,3_10,2,5,0.769658272,2,-0.090142111,YES
10,26982,PvP01_02_v2,327552,327739,39.27840909,0,54,0,0,0,0.971590909,0,1,0,0,0,0,0,0,0,26982,PvP01_02_v2,327552,327739,1,16,24,679,720,0.138888889,2.222222222,3.333333333,94.30555556,113594,fix,low read depth,,TRUE,1,16,679,24,684,0.14619883,3.333333333,TRUE,3_10,2,6,0.842075484,1,,YES
11,33640,PvP01_02_v2,660463,660614,1331.789773,6,497,2.333333333,1,3.666666667,0.972945515,0.631346533,1,0.293598233,0.3289183,0.472406167,0.450521555,0.175202827,0.075086926,0.275318728,33640,PvP01_02_v2,660463,660614,3,10,20,543,576,0.520833333,1.736111111,3.472222222,94.27083333,332911,keep,,,TRUE,3,10,543,20,551,0.54446461,3.472222222,TRUE,3_10,2,7,0.823002181,1,,YES
12,42067,PvP01_03_v2,125650,125795,1325.25,6,571,4,0.333333333,6.333333333,0.974490595,0.4482759,1,0.4735632,0.126436767,0.4505747,0.452744765,0.301829843,0.025152487,0.477897252,42067,PvP01_03_v2,125650,125795,10,26,36,1080,1152,0.868055556,2.256944444,3.125,93.75,,keep,,,TRUE,10,26,1080,36,1100,0.909090909,3.125,TRUE,ANY,3,9,0.60549144,2,-0.004573997,NO
13,43133,PvP01_03_v2,178937,179094,547.8295455,0,245,0,0,1,0.97137377,0,1,0,0,0.144373667,0,0,0,0.18253853,43133,PvP01_03_v2,178937,179094,5,17,22,676,720,0.694444444,2.361111111,3.055555556,93.88888889,53287,keep,,,TRUE,5,17,676,22,688,0.726744186,3.055555556,TRUE,3_10,3,9,0.610065437,2,-0.004573997,YES
14,44595,PvP01_03_v2,252061,252170,243.9147727,0.333333333,190,3,0,1,0.966013345,0.201834867,1,0.492354733,0,0.259938833,0.136659756,1.229937804,0,0.409979268,44595,PvP01_03_v2,252061,252170,24,96,218,958,1296,1.851851852,7.407407407,16.82098765,73.91975309,73124,fix?,high homs,,TRUE,24,92,958,222,1070,2.242990654,17.12962963,FALSE,3_10,3,10,0.880200939,2,-0.19798797,YES
15,48970,PvP01_03_v2,470817,470936,2259.511364,4,1182,4.333333333,0.333333333,11,0.978514133,0.537815133,1,0.7366947,0.142857133,0.8067227,0.177029426,0.191781878,0.014752452,0.486830922,48970,PvP01_03_v2,470817,470936,4,11,16,545,576,0.694444444,1.909722222,2.777777778,94.61805556,218756,keep,,,TRUE,4,11,545,16,552,0.724637681,2.777777778,TRUE,ANY,3,10,0.682212968,2,-0.19798797,NO
16,50287,PvP01_03_v2,536620,536711,2.323863636,0,0,0,0,0,0.585227273,0,0,0,0,0,0,0,0,0,50287,PvP01_03_v2,536620,536711,1,18,345,356,720,0.138888889,2.5,47.91666667,49.44444444,65803,fix?,"high uncall; low depth, low coverage",,FALSE,1,18,356,345,367,0.272479564,47.91666667,FALSE,3_10,3,11,0.775961399,2,-0.119685372,YES
17,53847,PvP01_03_v2,714611,714782,225.2045455,2.666666667,317,1,0.666666667,1.666666667,0.912945241,0.370370367,1,0.368421067,0.155945433,0.335282667,1.184108723,0.444040771,0.296027181,0.740067952,53847,PvP01_03_v2,714611,714782,6,37,73,604,720,0.833333333,5.138888889,10.13888889,83.88888889,177991,throw ,human proportion >1 ,,TRUE,6,37,604,73,624,0.961538462,10.13888889,FALSE,ANY,3,11,0.656276026,2,-0.119685372,NO
18,54827,PvP01_03_v2,763605,763660,40.15340909,0,26,0,0,0,0.965909091,0,1,0,0,0,0,0,0,0,54827,PvP01_03_v2,763605,763660,1,6,16,409,432,0.231481481,1.388888889,3.703703704,94.67592593,48994,keep,,,TRUE,1,6,409,16,415,0.240963855,3.703703704,TRUE,ANY,3,12,0.62773217,2,-0.264868795,YES
19,56191,PvP01_03_v2,831862,831998,3.193181818,0,4,0,0,0,0.448654746,0,1,0,0,0,0,0,0,0,56191,PvP01_03_v2,831862,831998,3,18,388,167,576,0.520833333,3.125,67.36111111,28.99305556,68257,fix?,"high uncall; low depth, low coverage",,FALSE,3,18,167,388,184,1.630434783,67.36111111,FALSE,3_10,3,12,0.892600965,2,-0.264868795,NO
20,63840,PvP01_04_v2,317776,317832,1160.971591,0.333333333,988,0.666666667,0,0,0.977272727,0.0892857,1,0.333333333,0,0,0.028711584,0.057423168,0,0,63840,PvP01_04_v2,317776,317832,1,6,8,417,432,0.231481481,1.388888889,1.851851852,96.52777778,,double?,,,TRUE,1,6,416,9,419,0.238663484,2.083333333,TRUE,ANY,4,13,0.620503668,2,-0.174229625,NO
21,64721,PvP01_04_v2,361787,361899,136.4318182,0,134,0.666666667,0,0,0.965909091,0,1,0.333333333,0,0,0,0.488644567,0,0,64721,PvP01_04_v2,361787,361899,1,8,22,545,576,0.173611111,1.388888889,3.819444444,94.61805556,44011,keep,,,TRUE,1,8,545,22,551,0.181488203,3.819444444,TRUE,3_10,4,13,0.794733294,2,-0.174229625,YES
22,67489,PvP01_04_v2,500160,500273,61.41477273,0,6,0,0,0.333333333,0.869318182,0,1,0,0,0.1120944,0,0,0,0.542757579,67489,PvP01_04_v2,500160,500273,3,15,119,727,864,0.347222222,1.736111111,13.77314815,84.14351852,138373,double?,,fix,TRUE,3,15,727,119,739,0.405953992,13.77314815,FALSE,3_10,4,14,0.8944147,2,-0.151222156,YES
23,67626,PvP01_04_v2,506968,507079,2515.142045,6.666666667,1638,5.666666667,2.333333333,9.666666667,0.981265357,0.753753767,1,0.738738733,0.717717733,0.8888889,0.265061239,0.225302053,0.092771434,0.384338796,67626,PvP01_04_v2,506968,507079,0,7,20,693,720,0,0.972222222,2.777777778,96.25,6808,keep,,,TRUE,0,7,693,20,699,0,2.777777778,TRUE,ANY,4,14,0.743192544,2,-0.151222156,NO
24,72748,PvP01_04_v2,763110,763224,2.170454545,0,22,0,0,0,0.107954545,0,1,0,0,0,0,0,0,0,72748,PvP01_04_v2,763110,763224,0,4,129,11,144,0,2.777777778,89.58333333,7.638888889,256142,fix?,"high uncall; low depth, low coverage",,FALSE,0,4,11,129,13,0,89.58333333,FALSE,3_10,4,15,0.928828079,1,,NO
25,74521,PvP01_04_v2,851724,851857,352.4318182,0.666666667,406,1.333333333,0,0.666666667,0.968984963,0.157894733,1,0.157894733,0,0.147869667,0.189161884,0.378323768,0,0.189161884,74521,PvP01_04_v2,851724,851857,3,9,20,544,576,0.520833333,1.5625,3.472222222,94.44444444,88614,double?,,,TRUE,3,9,544,20,551,0.54446461,3.472222222,TRUE,3_10,4,16,0.814806002,2,0.004970586,NO
26,74562,PvP01_04_v2,853861,853944,138.9090909,0,129,1,0,0,0.971590909,0,1,0.429718867,0,0,0,0.719895288,0,0,74562,PvP01_04_v2,853861,853944,4,18,13,397,432,0.925925926,4.166666667,3.009259259,91.89814815,2137,keep,,,TRUE,4,18,397,13,412,0.970873786,3.009259259,TRUE,ANY,4,16,0.819776588,2,0.004970586,YES
27,81132,PvP01_05_v2,170476,170547,1523.488636,1.666666667,748,1.333333333,0.333333333,6.333333333,0.978633163,0.478873233,1,0.314554,0.009389667,0.816901433,0.109398037,0.08751843,0.021879607,0.415712542,81132,PvP01_05_v2,170476,170547,8,9,10,549,576,1.388888889,1.5625,1.736111111,95.3125,,double?,,,TRUE,8,9,549,10,560,1.428571429,1.736111111,TRUE,3_10,5,17,0.81740234,2,-0.172653844,YES
28,81340,PvP01_05_v2,180908,180943,259.4431818,0,112,0,0,0,0.982954545,0,1,0,0,0,0,0,0,0,81340,PvP01_05_v2,180908,180943,1,7,9,415,432,0.231481481,1.62037037,2.083333333,96.06481481,10432,keep,,,TRUE,1,7,415,9,421,0.237529691,2.083333333,TRUE,ANY,5,17,0.644748496,2,-0.172653844,NO
29,83532,PvP01_05_v2,290396,290532,185.875,0,137,0.666666667,0,0,0.971590909,0,1,0.333333333,0,0,0,0.358663977,0,0,83532,PvP01_05_v2,290396,290532,2,22,16,536,576,0.347222222,3.819444444,2.777777778,93.05555556,109488,keep,,,TRUE,2,22,536,16,544,0.367647059,2.777777778,TRUE,ANY,5,18,0.619715778,2,-0.155960077,NO
30,87526,PvP01_05_v2,490198,490244,97.04545455,0,99,0.333333333,0,0.333333333,0.965909091,0,1,0.079710133,0,0.326086967,0,0.343481655,0,0.343481655,87526,PvP01_05_v2,490198,490244,3,9,20,544,576,0.520833333,1.5625,3.472222222,94.44444444,199802,double?,,,TRUE,3,9,544,20,552,0.543478261,3.472222222,TRUE,3_10,5,18,0.775675854,2,-0.155960077,YES
31,87745,PvP01_05_v2,501008,501188,278.1875,1,188,0,0.333333333,0.333333333,0.972695707,0.174074067,1,0,0.0888889,0.0851852,0.359469782,0,0.119823261,0.119823261,87745,PvP01_05_v2,501008,501188,2,11,23,684,720,0.277777778,1.527777778,3.194444444,95,10810,keep,,,TRUE,2,11,684,23,694,0.288184438,3.194444444,TRUE,3_10,5,19,0.825032719,2,-0.073585829,YES
32,92164,PvP01_05_v2,722013,722089,749.7329545,1.666666667,447,1.666666667,0.333333333,3.333333333,0.967254785,0.333333333,1,0.232456133,0.166666667,0.684210533,0.222301375,0.222301375,0.044460275,0.44460275,92164,PvP01_05_v2,722013,722089,0,3,19,554,576,0,0.520833333,3.298611111,96.18055556,221005,keep,,,TRUE,0,3,554,19,555,0,3.298611111,TRUE,ANY,5,19,0.75144689,2,-0.073585829,NO
33,93261,PvP01_05_v2,776828,776973,168.7897727,0,176,0.666666667,0.666666667,0.333333333,0.977272727,0,1,0.124137933,0.3057471,0.124137933,0,0.394968638,0.394968638,0.197484319,93261,PvP01_05_v2,776828,776973,5,4,16,551,576,0.868055556,0.694444444,2.777777778,95.65972222,54815,keep,,,TRUE,5,4,551,16,558,0.896057348,2.777777778,TRUE,3_10,5,20,0.798820808,1,,YES
34,99588,PvP01_05_v2,1093158,1093327,2.25,0,8,0,0,0,0.477272727,0,1,0,0,0,0,0,0,0,99588,PvP01_05_v2,1093158,1093327,1,14,536,313,864,0.115740741,1.62037037,62.03703704,36.22685185,316330,throw ,"high uncall; low depth, low coverage",,FALSE,1,14,313,536,324,0.308641975,62.03703704,FALSE,3_10,5,21,0.868097032,2,-0.236314363,NO
35,100236,PvP01_05_v2,1125680,1125748,706.4034091,0.666666667,606,0,0.333333333,1.333333333,0.933155081,0.0784314,1,0,0.0392157,0.0784314,0.09437478,0,0.04718739,0.188749561,100236,PvP01_05_v2,1125680,1125748,5,9,77,341,432,1.157407407,2.083333333,17.82407407,78.93518519,32522,keep,,fix,TRUE,5,9,341,77,351,1.424501425,17.82407407,FALSE,ANY,5,21,0.631782669,2,-0.236314363,YES
36,104765,PvP01_05_v2,1352101,1352165,849.0454545,3.666666667,314,1.333333333,0.333333333,6,0.981977983,0.807291667,1,0.333333333,0.333333333,0.666666667,0.431857523,0.157039099,0.039259775,0.706675946,104765,PvP01_05_v2,1352101,1352165,3,7,15,551,576,0.520833333,1.215277778,2.604166667,95.65972222,226421,keep,,,TRUE,3,7,551,15,557,0.538599641,2.604166667,TRUE,ANY,5,22,0.821162007,1,,YES
37,110848,PvP01_06_v2,131454,131634,27.3125,0,0,1.333333333,0,0,0.590909091,0,0,0.333333333,0,0,0,4.881769641,0,0,110848,PvP01_06_v2,131454,131634,0,11,380,185,576,0,1.909722222,65.97222222,32.11805556,,throw ,"high uncall; low depth, low coverage",,FALSE,0,11,185,380,194,0,65.97222222,FALSE,3_10,6,23,0.854866812,2,-0.095583317,NO
38,111288,PvP01_06_v2,153460,153574,439.3636364,2.333333333,372,1,0,2.333333333,0.975827353,0.4035088,1,0.459064333,0,0.394736867,0.531071108,0.227601904,0,0.531071108,111288,PvP01_06_v2,153460,153574,1,25,28,954,1008,0.099206349,2.48015873,2.777777778,94.64285714,22006,keep,,,TRUE,1,25,954,28,970,0.103092784,2.777777778,TRUE,ANY,6,23,0.759283495,2,-0.095583317,YES
39,113672,PvP01_06_v2,272690,272815,119.9090909,0,102,0,0.333333333,0.666666667,0.965909091,0,1,0,0.12,0.168,0,0,0.277988375,0.55597675,113672,PvP01_06_v2,272690,272815,0,14,20,542,576,0,2.430555556,3.472222222,94.09722222,119230,keep,,,TRUE,0,14,542,20,550,0,3.472222222,TRUE,ANY,6,24,0.809845991,1,,YES
40,118844,PvP01_06_v2,531256,531393,239.8977273,0,140,1,0,1,0.971590909,0,1,0.450121667,0,0.231143567,0,0.416844299,0,0.416844299,118844,PvP01_06_v2,531256,531393,8,24,37,1227,1296,0.617283951,1.851851852,2.854938272,94.67592593,258566,keep,,,TRUE,8,24,1227,37,1247,0.641539695,2.854938272,TRUE,3_10,6,25,0.919167162,2,-0.198485029,YES
41,121629,PvP01_06_v2,670614,670673,2290.005682,8.333333333,1465,4,0.333333333,6.666666667,0.987095532,0.909604533,1,0.621468933,0.039548033,0.5819209,0.363900116,0.174672056,0.014556005,0.291120093,121629,PvP01_06_v2,670614,670673,3,2,7,420,432,0.694444444,0.462962963,1.62037037,97.22222222,139358,keep,,,TRUE,3,2,420,7,423,0.709219858,1.62037037,TRUE,ANY,6,25,0.720682134,2,-0.198485029,NO
42,127882,PvP01_06_v2,983157,983333,465.7670455,0,463,1.333333333,0.333333333,2,0.977272727,0,1,0.6401515,0.117424233,0.339015133,0,0.286266138,0.071566535,0.429399207,127882,PvP01_06_v2,983157,983333,10,45,29,1068,1152,0.868055556,3.90625,2.517361111,92.70833333,312543,keep,,,TRUE,10,45,1068,29,1106,0.904159132,2.517361111,TRUE,3_10,6,26,0.906333532,1,,YES
43,130632,PvP01_07_v2,78143,78172,12.20454545,0,6,0,0,0,0.9375,0,1,0,0,0,0,0,0,0,130632,PvP01_07_v2,78143,78172,3,25,46,502,576,0.520833333,4.340277778,7.986111111,87.15277778,,keep,,fix,TRUE,3,25,502,46,519,0.578034682,7.986111111,FALSE,ANY,7,27,0.799460639,1,,YES
44,139001,PvP01_07_v2,496520,496613,2563.579545,6.666666667,1638,5.666666667,0.666666667,6,0.974828934,0.6810036,1,0.666666667,0.4157706,0.5483871,0.260053045,0.221045088,0.026005304,0.23404774,139001,PvP01_07_v2,496520,496613,0,1,12,419,432,0,0.231481481,2.777777778,96.99074074,418377,keep,,,TRUE,0,1,419,12,419,0,2.777777778,TRUE,3_10,7,28,0.741008659,1,,YES
45,143020,PvP01_07_v2,697428,697579,526.0568182,1,370,0,0,0.666666667,0.974826911,0.2362031,1,0,0,0.165562933,0.190093535,0,0,0.126729023,143020,PvP01_07_v2,697428,697579,4,15,25,820,864,0.462962963,1.736111111,2.893518519,94.90740741,200908,keep,,,TRUE,4,15,820,25,831,0.481347774,2.893518519,TRUE,3_10,7,29,0.901257188,1,,YES
46,145716,PvP01_07_v2,832233,832371,186.3977273,0,150,0.666666667,0,0.666666667,0.971590909,0,1,0.333333333,0,0.1884058,0,0.357658152,0,0.357658152,145716,PvP01_07_v2,832233,832371,5,13,29,961,1008,0.496031746,1.28968254,2.876984127,95.33730159,134805,keep,,,TRUE,5,13,961,29,972,0.514403292,2.876984127,TRUE,3_10,7,30,0.893579219,2,-0.128764624,YES
47,147604,PvP01_07_v2,926657,926774,4.0625,0,4,0,0,0,0.778409091,0,1,0,0,0,0,0,0,0,147604,PvP01_07_v2,926657,926774,3,11,171,391,576,0.520833333,1.909722222,29.6875,67.88194444,94424,fix?,"high uncall; low depth, low coverage",,FALSE,3,11,391,171,402,0.746268657,29.6875,FALSE,ANY,7,30,0.764814594,2,-0.128764624,NO
48,150634,PvP01_07_v2,1078147,1078289,50.23863636,0,20,0.333333333,0,0,0.943181818,0,1,0.1173709,0,0,0,0.663499962,0,0,150634,PvP01_07_v2,1078147,1078289,2,15,38,377,432,0.462962963,3.472222222,8.796296296,87.26851852,151490,double?,,fix,TRUE,2,15,377,38,389,0.514138817,8.796296296,FALSE,ANY,7,31,0.817391764,2,-0.012146209,NO
49,151535,PvP01_07_v2,1123202,1123330,1012.386364,2.333333333,423,4,1,4.666666667,0.965243253,0.481770833,1,0.526041667,0.338541667,0.3671875,0.230478542,0.395106073,0.098776518,0.460957085,151535,PvP01_07_v2,1123202,1123330,2,14,23,537,576,0.347222222,2.430555556,3.993055556,93.22916667,45055,keep,,,TRUE,2,14,537,23,544,0.367647059,3.993055556,TRUE,3_10,7,31,0.829537973,2,-0.012146209,YES
50,153449,PvP01_07_v2,1218911,1219036,913.9147727,4.333333333,469,1.666666667,0.333333333,3.666666667,0.977272727,0.370666667,1,0.306666667,0.12,0.357333333,0.474150704,0.182365656,0.036473131,0.401204442,153449,PvP01_07_v2,1218911,1219036,5,12,14,545,576,0.868055556,2.083333333,2.430555556,94.61805556,95709,keep,,,TRUE,5,9,545,17,557,0.897666068,2.951388889,TRUE,ANY,7,32,0.779472536,1,,YES
51,157614,PvP01_07_v2,1427121,1427291,281.0852273,0.333333333,166,0.666666667,0,1.333333333,0.971590909,0.1509804,1,0.333333333,0,0.2490196,0.118587994,0.237175989,0,0.474351977,157614,PvP01_07_v2,1427121,1427291,2,16,24,822,864,0.231481481,1.851851852,2.777777778,95.13888889,208210,keep,,,TRUE,2,16,822,24,834,0.239808153,2.777777778,TRUE,3_10,7,33,0.917607244,2,-0.222951947,YES
52,158089,PvP01_07_v2,1450913,1450958,152.0795455,0,78,0.333333333,0.333333333,0.333333333,0.980555556,0,1,0.333333333,0.2962963,0.237037033,0,0.219183541,0.219183541,0.219183541,158089,PvP01_07_v2,1450913,1450958,1,14,15,402,432,0.231481481,3.240740741,3.472222222,93.05555556,23792,double?,,,TRUE,1,12,402,17,407,0.245700246,3.935185185,TRUE,ANY,7,33,0.694655298,2,-0.222951947,NO
53,165484,PvP01_08_v2,168547,168665,1236.75,7.333333333,572,3.666666667,0.333333333,10.66666667,0.982954545,0.881355933,1,0.333333333,0.333333333,0.926553667,0.592951957,0.296475979,0.026952362,0.862475574,165484,PvP01_08_v2,168547,168665,4,4,11,557,576,0.694444444,0.694444444,1.909722222,96.70138889,,keep,,,TRUE,4,4,557,11,563,0.710479574,1.909722222,TRUE,3_10,8,35,0.746111442,1,,YES
54,177872,PvP01_08_v2,787937,788059,376.7613636,1.333333333,539,0.333333333,0,0.666666667,0.967958271,0.437158467,1,0.106557367,0,0.218579233,0.353893329,0.088473332,0,0.176946665,177872,PvP01_08_v2,787937,788059,5,4,16,407,432,1.157407407,0.925925926,3.703703704,94.21296296,619390,keep,,,TRUE,5,4,407,16,413,1.210653753,3.703703704,TRUE,ANY,8,36,0.670135501,2,-0.056939652,NO
55,178560,PvP01_08_v2,822406,822480,2068.136364,3.666666667,1378,3.333333333,1.333333333,4,0.926059582,0.9054054,1,0.666666667,0.666666667,0.869369367,0.177293274,0.161175703,0.064470281,0.193410844,178560,PvP01_08_v2,822406,822480,1,11,76,632,720,0.138888889,1.527777778,10.55555556,87.77777778,34469,double?,,fix,TRUE,1,11,632,76,637,0.156985871,10.55555556,FALSE,3_10,8,36,0.727075154,2,-0.056939652,YES
56,181964,PvP01_08_v2,992650,992659,2266.994318,0.666666667,1941,1.666666667,0,1,0.977272727,0.666666667,1,0.666666667,0,0.333333333,0.029407514,0.073518784,0,0.044111271,181964,PvP01_08_v2,992650,992659,0,3,13,416,432,0,0.694444444,3.009259259,96.2962963,170244,keep,,,TRUE,0,3,416,13,416,0,3.009259259,TRUE,ANY,8,37,0.623517747,2,-0.220360896,NO
57,182475,PvP01_08_v2,1018073,1018248,667.8465909,0,527,1.333333333,0.333333333,3.333333333,0.977272727,0,1,0.333333333,0.0952381,0.3409524,0,0.199646648,0.049911662,0.49911662,182475,PvP01_08_v2,1018073,1018248,7,15,33,521,576,1.215277778,2.604166667,5.729166667,90.45138889,25423,double?,,,TRUE,7,15,521,33,537,1.303538175,5.729166667,TRUE,3_10,8,37,0.843878644,2,-0.220360896,YES
58,185264,PvP01_08_v2,1157514,1157634,242.8863636,1,180,0.666666667,0.333333333,0.666666667,0.926136364,0.3527778,1,0.1361111,0.125,0.1888889,0.411715168,0.274476779,0.137238389,0.274476779,185264,PvP01_08_v2,1157514,1157634,2,3,33,394,432,0.462962963,0.694444444,7.638888889,91.2037037,139441,keep,,fix,TRUE,2,3,394,33,397,0.503778338,7.638888889,FALSE,ANY,8,38,0.809761385,1,,YES
59,190188,PvP01_08_v2,1403792,1403883,1548.261364,0.333333333,1105,1.666666667,0,6,0.972215285,0.1025641,1,0.435897433,0,0.351648367,0.021529526,0.10764763,0,0.387531469,190188,PvP01_08_v2,1403792,1403883,2,17,20,681,720,0.277777778,2.361111111,2.777777778,94.58333333,246278,keep,,,TRUE,2,15,681,22,691,0.289435601,3.055555556,TRUE,3_10,8,39,0.874241523,1,,YES
60,191493,PvP01_08_v2,1468975,1469148,36.21022727,0,26,0,0,0,0.973167367,0,1,0,0,0,0,0,0,0,191493,PvP01_08_v2,1468975,1469148,3,12,23,682,720,0.416666667,1.666666667,3.194444444,94.72222222,65183,keep,,,TRUE,3,12,682,23,690,0.434782609,3.194444444,TRUE,3_10,8,40,0.861963117,1,,YES
61,202627,PvP01_09_v2,264626,264698,1217.539773,1,568,2,0.333333333,5.666666667,0.976878157,0.629629633,1,0.643518533,0.333333333,0.953703733,0.082132841,0.164265681,0.027377614,0.46541943,202627,PvP01_09_v2,264626,264698,21,36,36,1203,1296,1.62037037,2.777777778,2.777777778,92.82407407,,fix?,high homs,,TRUE,21,36,1203,36,1240,1.693548387,2.777777778,TRUE,ANY,9,41,0.643341926,1,,YES
62,206308,PvP01_09_v2,448574,448630,305.1590909,0,231,0,0,0.666666667,0.965909091,0,1,0,0,0.148809533,0,0,0,0.218465281,206308,PvP01_09_v2,448574,448630,1,8,14,409,432,0.231481481,1.851851852,3.240740741,94.67592593,183948,keep,,,TRUE,1,8,408,15,414,0.241545894,3.472222222,TRUE,ANY,9,42,0.699900853,1,,YES
63,212462,PvP01_09_v2,756312,756407,68.61931818,0.666666667,44,0.666666667,0,0.333333333,0.931818182,0.115789467,1,0.333333333,0,0.094736833,0.971543706,0.971543706,0,0.485771853,212462,PvP01_09_v2,756312,756407,0,29,127,564,720,0,4.027777778,17.63888889,78.33333333,307738,double?,,,TRUE,0,19,550,151,564,0,20.97222222,FALSE,3_10,9,43,0.842747042,2,-0.117464472,YES
64,212729,PvP01_09_v2,769647,769661,979.5511364,1.666666667,722,0.666666667,1,1,0.982954545,0.6904762,1,0.666666667,0.666666667,0.666666667,0.170145958,0.068058383,0.102087575,0.102087575,212729,PvP01_09_v2,769647,769661,2,3,6,277,288,0.694444444,1.041666667,2.083333333,96.18055556,13335,keep,,,TRUE,2,1,277,8,279,0.716845878,2.777777778,TRUE,ANY,9,43,0.72528257,2,-0.117464472,NO
65,214187,PvP01_09_v2,842507,842645,581.8181818,0.666666667,622,1,0.666666667,3,0.974802372,0.1884058,1,0.408212567,0.326086967,0.3236715,0.114583333,0.171875,0.114583333,0.515625,214187,PvP01_09_v2,842507,842645,2,10,16,548,576,0.347222222,1.736111111,2.777777778,95.13888889,72860,keep,,,TRUE,2,10,548,16,555,0.36036036,2.777777778,TRUE,3_10,9,44,0.819083879,2,-0.051509022,YES
66,215191,PvP01_09_v2,892844,892891,138.1363636,0,124,0,0,0.333333333,0.607954545,0,1,0,0,0.163120567,0,0,0,0.241307448,215191,PvP01_09_v2,892844,892891,1,13,258,304,576,0.173611111,2.256944444,44.79166667,52.77777778,50337,fix?,high uncall; low coverage - new primers needed?,,FALSE,1,13,304,258,314,0.318471338,44.79166667,FALSE,ANY,9,44,0.767574856,2,-0.051509022,NO
67,219410,PvP01_09_v2,1103729,1103789,57.80113636,0,37,0,0,0,0.897727273,0,1,0,0,0,0,0,0,0,219410,PvP01_09_v2,1103729,1103789,1,22,78,331,432,0.231481481,5.092592593,18.05555556,76.62037037,210885,keep,,fix,TRUE,1,22,331,78,351,0.284900285,18.05555556,FALSE,ANY,9,45,0.64217331,2,-0.209563091,NO
68,220647,PvP01_09_v2,1165616,1165689,72.51704545,0.666666667,54,0.333333333,0,0,0.965909091,0.301369867,1,0.200913267,0,0,0.919324088,0.459662044,0,0,220647,PvP01_09_v2,1165616,1165689,4,16,21,535,576,0.694444444,2.777777778,3.645833333,92.88194444,61887,keep,,,TRUE,4,16,535,21,548,0.729927007,3.645833333,TRUE,3_10,9,45,0.8517364,2,-0.209563091,YES
69,224523,PvP01_09_v2,1359362,1359395,78.58522727,0,84,0.333333333,0,0,0.919593664,0,1,0.333333333,0,0,0,0.424167932,0,0,224523,PvP01_09_v2,1359362,1359395,0,19,382,175,576,0,3.298611111,66.31944444,30.38194444,193746,fix?,high uncall,,FALSE,0,19,163,394,182,0,68.40277778,FALSE,ANY,9,46,0.739565074,2,-0.151195717,NO
70,226528,PvP01_09_v2,1459600,1459729,1361.676136,1.333333333,739,2.333333333,0.333333333,0.666666667,0.982954545,0.260981933,1,0.666666667,0.3229974,0.253229967,0.097918536,0.171357437,0.024479634,0.048959268,226528,PvP01_09_v2,1459600,1459729,11,25,28,944,1008,1.091269841,2.48015873,2.777777778,93.65079365,100238,keep,,,TRUE,11,22,944,31,962,1.143451143,3.075396825,TRUE,3_10,9,46,0.890760791,2,-0.151195717,YES
71,231108,PvP01_09_v2,1688611,1688696,2462.886364,3.333333333,1142,2,0.666666667,6.666666667,0.97894385,0.6470588,1,0.5490196,0.215686267,0.431372533,0.135342555,0.081205533,0.027068511,0.27068511,231108,PvP01_09_v2,1688611,1688696,3,9,10,410,432,0.694444444,2.083333333,2.314814815,94.90740741,229011,keep,,,TRUE,3,9,410,10,417,0.71942446,2.314814815,TRUE,3_10,9,47,0.781058894,1,,YES
72,234628,PvP01_09_v2,1864594,1864642,2087.125,4,1080,1.333333333,0.333333333,7,0.980113636,0.6458333,1,0.5486111,0.215277767,0.6458333,0.191651195,0.063883732,0.015970933,0.335389591,234628,PvP01_09_v2,1864594,1864642,2,6,14,410,432,0.462962963,1.388888889,3.240740741,94.90740741,175983,keep,,,TRUE,2,6,410,14,418,0.4784689,3.240740741,TRUE,3_10,9,48,0.699573005,2,0,YES
73,234628,PvP01_09_v2,1864594,1864642,2087.125,4,1080,1.333333333,0.333333333,7,0.980113636,0.6458333,1,0.5486111,0.215277767,0.6458333,0.191651195,0.063883732,0.015970933,0.335389591,234628,PvP01_09_v2,1864594,1864642,2,6,14,410,432,0.462962963,1.388888889,3.240740741,94.90740741,175983,keep,,,TRUE,2,6,410,14,418,0.4784689,3.240740741,TRUE,ANY,9,48,0.699573005,2,0,NO
74,240347,PvP01_09_v2,2150510,2150571,345.7556818,0.333333333,321,0.666666667,0.333333333,1,0.978204173,0.0546448,1,0.2240437,0.0546448,0.131147533,0.096407189,0.192814378,0.096407189,0.289221567,240347,PvP01_09_v2,2150510,2150571,13,13,11,539,576,2.256944444,2.256944444,1.909722222,93.57638889,285916,throw?,high homs but better conc than replacement below,,TRUE,13,13,537,13,552,2.355072464,2.256944444,FALSE,ANY,9,49,0.659972239,2,-0.218161147,NO
75,240353,PvP01_09_v2,2150871,2150956,451.1647727,0.666666667,387,0,0.333333333,0.666666667,0.982954545,0.141176467,1,0,0.1490196,0.1490196,0.147765674,0,0.073882837,0.147765674,240353,PvP01_09_v2,2150871,2150956,7,45,108,848,1008,0.694444444,4.464285714,10.71428571,84.12698413,361,keep?,,,TRUE,7,43,848,110,885,0.790960452,10.91269841,TRUE,3_10,9,49,0.878133386,2,-0.218161147,YES
76,245300,PvP01_10_v2,161225,161325,587.4090909,0.666666667,323,1.666666667,0,1,0.977272727,0.173333333,1,0.486666667,0,0.42,0.113492739,0.283731848,0,0.170239109,245300,PvP01_10_v2,161225,161325,1,5,12,414,432,0.231481481,1.157407407,2.777777778,95.83333333,,keep ,,,TRUE,1,5,414,12,417,0.239808153,2.777777778,TRUE,ANY,10,50,0.695226386,2,-0.138642343,NO
77,246142,PvP01_10_v2,203316,203481,811.9829545,1.333333333,382,2.666666667,1.333333333,4.333333333,0.968250689,0.244444433,1,0.616161633,0.3939394,0.474747467,0.16420706,0.328414119,0.16420706,0.533672943,246142,PvP01_10_v2,203316,203481,6,25,30,803,864,0.694444444,2.893518519,3.472222222,92.93981481,42091,keep?,,,TRUE,6,25,803,30,826,0.726392252,3.472222222,TRUE,3_10,10,50,0.833868729,2,-0.138642343,YES
78,247163,PvP01_10_v2,254364,254412,454.9943182,1.333333333,327,0.666666667,0,1.666666667,0.973839962,0.333333333,1,0.333333333,0,0.368055567,0.293043952,0.146521976,0,0.366304941,247163,PvP01_10_v2,254364,254412,11,15,24,814,864,1.273148148,1.736111111,2.777777778,94.21296296,51048,double?,higher homs but better conc than replacement below,,TRUE,11,15,814,24,840,1.30952381,2.777777778,TRUE,3_10,10,51,0.698346222,1,,YES
79,256313,PvP01_10_v2,711865,711875,179.0227273,1,130,0.666666667,0,0,0.971590909,1,1,0.333333333,0,0,0.558588295,0.372392197,0,0,256313,PvP01_10_v2,711865,711875,1,6,12,413,432,0.231481481,1.388888889,2.777777778,95.60185185,457501,keep,,,TRUE,1,6,413,12,417,0.239808153,2.777777778,TRUE,ANY,10,52,0.749241853,2,-0.050023134,NO
80,256576,PvP01_10_v2,725009,725169,1076.551136,7.333333333,632,2.666666667,0.666666667,3,0.977947443,0.395833333,1,0.5,0.2875,0.35,0.681187645,0.247704598,0.06192615,0.278667673,256576,PvP01_10_v2,725009,725169,3,12,16,545,576,0.520833333,2.083333333,2.777777778,94.61805556,13144,double?,,,TRUE,3,12,545,16,553,0.542495479,2.777777778,TRUE,3_10,10,52,0.799264988,2,-0.050023134,YES
81,259053,PvP01_10_v2,848868,848916,1007.931818,1.333333333,678,1.666666667,1.333333333,5,0.970762311,0.284722233,1,0.284722233,0.569444467,0.8541667,0.13228408,0.1653551,0.13228408,0.4960653,259053,PvP01_10_v2,848868,848916,1,4,13,414,432,0.231481481,0.925925926,3.009259259,95.83333333,123859,keep,,,TRUE,1,4,414,13,417,0.239808153,3.009259259,TRUE,ANY,10,53,0.731051623,1,,YES
82,263453,PvP01_10_v2,1068891,1069019,283.2897727,0.666666667,357,2.333333333,0,1,0.971590909,0.302083333,1,0.466145833,0,0.151041667,0.235330298,0.823656043,0,0.352995447,263453,PvP01_10_v2,1068891,1069019,3,9,16,548,576,0.520833333,1.5625,2.777777778,95.13888889,220023,keep ,,,TRUE,3,9,548,16,554,0.541516245,2.777777778,TRUE,ANY,10,54,0.687241721,2,-0.193366382,NO
83,264031,PvP01_10_v2,1097783,1097940,940.4090909,4,632,2,2,8.333333333,0.979082224,0.254777067,1,0.414012733,0.4012739,0.341825933,0.425346803,0.212673401,0.212673401,0.886139172,264031,PvP01_10_v2,1097783,1097940,6,15,18,681,720,0.833333333,2.083333333,2.5,94.58333333,28892,double?,,,TRUE,6,15,680,19,695,0.863309353,2.638888889,TRUE,3_10,10,54,0.880608104,2,-0.193366382,YES
84,266935,PvP01_10_v2,1242989,1243060,3.170454545,0,2,0,0,0,0.596590909,0,1,0,0,0,0,0,0,0,266935,PvP01_10_v2,1242989,1243060,2,9,195,226,432,0.462962963,2.083333333,45.13888889,52.31481481,145206,throw ,,,FALSE,2,9,226,195,233,0.858369099,45.13888889,FALSE,ANY,10,55,0.703655232,2,-0.035476238,NO
85,267505,PvP01_10_v2,1271498,1271644,140.6193182,0,55,0.666666667,0,1,0.977272727,0,1,0.333333333,0,0.214611867,0,0.474093229,0,0.711139844,267505,PvP01_10_v2,1271498,1271644,4,9,13,406,432,0.925925926,2.083333333,3.009259259,93.98148148,28509,keep ,,,TRUE,4,9,406,13,418,0.956937799,3.009259259,TRUE,3_10,10,55,0.739131469,2,-0.035476238,YES
86,270238,PvP01_10_v2,1408100,1408170,117.4886364,0,78,0.666666667,0,0.333333333,0.960227273,0,1,0.333333333,0,0.2142857,0,0.567430764,0,0.283715382,270238,PvP01_10_v2,1408100,1408170,5,19,20,388,432,1.157407407,4.398148148,4.62962963,89.81481481,136602,keep ,,,TRUE,5,19,388,20,406,1.231527094,4.62962963,TRUE,ANY,10,56,0.61240267,1,,YES
87,274564,PvP01_11_v2,75770,75798,404.9375,0,216,1,0,0,0.965909091,0,1,0.666666667,0,0,0,0.24695169,0,0,274564,PvP01_11_v2,75770,75798,0,39,44,781,864,0,4.513888889,5.092592593,90.39351852,,keep ,,,TRUE,0,36,781,47,796,0,5.439814815,TRUE,ANY,11,57,0.784813273,1,,YES
88,276606,PvP01_11_v2,177898,177971,2080.181818,3,1059,2.333333333,1,8.333333333,0.980697385,0.410958933,1,0.5479452,0.5342466,0.342465767,0.144218163,0.112169682,0.048072721,0.400606008,276606,PvP01_11_v2,177898,177971,7,9,13,403,432,1.62037037,2.083333333,3.009259259,93.28703704,102128,fix?,high homs,,TRUE,7,9,403,13,413,1.694915254,3.009259259,TRUE,3_10,11,58,0.732595677,1,,YES
89,285205,PvP01_11_v2,607788,607927,181.5965909,0,118,0.666666667,0,1.666666667,0.968606932,0,1,0.1942446,0,0.378896867,0,0.367114087,0,0.917785217,285205,PvP01_11_v2,607788,607927,2,1,19,554,576,0.347222222,0.173611111,3.298611111,96.18055556,429890,keep ,,,TRUE,2,1,554,19,556,0.35971223,3.298611111,TRUE,3_10,11,59,0.876911891,1,,YES
90,291380,PvP01_11_v2,916515,916676,571.6931818,1.666666667,344,1,0.666666667,0.333333333,0.970355731,0.236024833,1,0.432712233,0.366459633,0.101449267,0.291531668,0.174919001,0.116612667,0.058306334,291380,PvP01_11_v2,916515,916676,0,7,20,549,576,0,1.215277778,3.472222222,95.3125,308727,keep ,,,TRUE,0,7,549,20,551,0,3.472222222,TRUE,3_10,11,60,0.732749025,1,,YES
91,296123,PvP01_11_v2,1153666,1153850,1031.954545,3.333333333,412,4,0.333333333,8.333333333,0.980051878,0.396739133,1,0.5942029,0.074275367,0.5724638,0.323011643,0.387613972,0.032301164,0.807529108,296123,PvP01_11_v2,1153666,1153850,6,13,13,544,576,1.041666667,2.256944444,2.256944444,94.44444444,237151,keep ,,,TRUE,6,13,544,13,558,1.075268817,2.256944444,TRUE,3_10,11,61,0.820469297,1,,YES
92,301196,PvP01_11_v2,1407414,1407429,2627.102273,1.666666667,1341,1.666666667,0.666666667,4,0.967045455,0.666666667,1,0.4,0.333333333,1,0.063441256,0.063441256,0.025376502,0.152259013,301196,PvP01_11_v2,1407414,1407429,2,4,15,411,432,0.462962963,0.925925926,3.472222222,95.13888889,253748,keep ,,,TRUE,2,4,411,15,414,0.483091787,3.472222222,TRUE,ANY,11,62,0.705474255,2,-0.227483641,NO
93,301517,PvP01_11_v2,1423369,1423519,87.99431818,0.333333333,54,0.666666667,0,0.333333333,0.965909091,0.106666667,1,0.106666667,0,0.126666667,0.378812337,0.757624674,0,0.378812337,301517,PvP01_11_v2,1423369,1423519,1,17,35,955,1008,0.099206349,1.686507937,3.472222222,94.74206349,15955,double?,,,TRUE,1,17,955,35,968,0.103305785,3.472222222,TRUE,3_10,11,62,0.932957895,2,-0.227483641,YES
94,304503,PvP01_11_v2,1572690,1572840,332.9147727,0.666666667,352,1,0,2,0.856325759,0.333333333,1,0.4288889,0,0.284444433,0.200251452,0.300377178,0,0.600754356,304503,PvP01_11_v2,1572690,1572840,2,13,85,476,576,0.347222222,2.256944444,14.75694444,82.63888889,149321,keep ,,fix,TRUE,2,12,476,86,484,0.41322314,14.93055556,FALSE,3_10,11,63,0.832589067,1,,YES
95,307891,PvP01_11_v2,1742120,1742207,1145.409091,5.666666667,666,3.333333333,1.333333333,9.666666667,0.978840126,0.6551724,1,0.551724133,0.375478933,0.835249033,0.494728627,0.291016839,0.116406736,0.843948834,307891,PvP01_11_v2,1742120,1742207,3,5,16,552,576,0.520833333,0.868055556,2.777777778,95.83333333,169430,keep ,,,TRUE,3,5,552,16,557,0.538599641,2.777777778,TRUE,3_10,11,64,0.805763765,2,-0.094308943,YES
96,309968,PvP01_11_v2,1845901,1846035,543.0170455,1.666666667,366,0.666666667,0.333333333,2.666666667,0.964085821,0.2313433,1,0.333333333,0.166666667,0.370646767,0.306927136,0.122770854,0.061385427,0.491083418,309968,PvP01_11_v2,1845901,1846035,6,23,73,330,432,1.388888889,5.324074074,16.89814815,76.38888889,103781,keep ,,,TRUE,6,23,330,73,357,1.680672269,16.89814815,TRUE,ANY,11,64,0.711454822,2,-0.094308943,NO
97,313080,PvP01_11_v2,2001515,2001699,303,1.333333333,84,0.333333333,0,1.333333333,0.974061265,0.192028967,1,0.085144933,0,0.150362333,0.440044004,0.110011001,0,0.440044004,313080,PvP01_11_v2,2001515,2001699,4,18,25,817,864,0.462962963,2.083333333,2.893518519,94.56018519,155614,keep ,,,TRUE,5,17,817,25,832,0.600961538,2.893518519,TRUE,3_10,11,65,0.893843612,1,,YES
98,322153,PvP01_12_v2,324220,324242,1121.011364,1,553,3.666666667,0.666666667,4,0.97339876,0.166666667,1,0.5,0.166666667,0.333333333,0.089205162,0.327085593,0.059470108,0.356820647,322153,PvP01_12_v2,324220,324242,1,4,11,416,432,0.231481481,0.925925926,2.546296296,96.2962963,,keep ,,,TRUE,1,4,416,11,419,0.238663484,2.546296296,TRUE,3_10,12,66,0.68065305,1,,YES
99,326331,PvP01_12_v2,532970,533101,304.8295455,0.666666667,152,1,0,1,0.965909091,0.1552163,1,0.160305333,0,0.160305333,0.21870146,0.32805219,0,0.32805219,326331,PvP01_12_v2,532970,533101,1,7,20,548,576,0.173611111,1.215277778,3.472222222,95.13888889,208750,keep ,,,TRUE,1,7,548,20,555,0.18018018,3.472222222,TRUE,3_10,12,67,0.791518276,1,,YES
100,329094,PvP01_12_v2,671183,671280,95.73863636,1.333333333,60,0,0,0.666666667,0.971590909,0.336769733,1,0,0,0.168384867,1.392680514,0,0,0.696340257,329094,PvP01_12_v2,671183,671280,5,9,12,406,432,1.157407407,2.083333333,2.777777778,93.98148148,138213,throw?,human proportion >1 - but no close replacement,,TRUE,5,9,406,12,415,1.204819277,2.777777778,TRUE,3_10,12,68,0.781127636,1,,YES
101,335584,PvP01_12_v2,995697,995758,328.0795455,1.333333333,436,0.333333333,0,1.333333333,0.965909091,0.4863388,1,0.0601093,0,0.387978167,0.406405505,0.101601376,0,0.406405505,335584,PvP01_12_v2,995697,995758,1,10,15,406,432,0.231481481,2.314814815,3.472222222,93.98148148,324514,double?,,,TRUE,1,10,406,15,411,0.243309002,3.472222222,TRUE,3_10,12,70,0.778494283,2,-0.037200079,YES
102,335636,PvP01_12_v2,998256,998330,826.2443182,1,1118,0.666666667,0,3,0.97857801,0.333333333,1,0.328828833,0,0.851351367,0.121029577,0.080686384,0,0.36308873,335636,PvP01_12_v2,998256,998330,6,4,10,412,432,1.388888889,0.925925926,2.314814815,95.37037037,2559,keep?,higher homs but better conc than replacement above,,TRUE,6,4,412,10,420,1.428571429,2.314814815,TRUE,ANY,12,70,0.741294203,2,-0.037200079,NO
103,341498,PvP01_12_v2,1291327,1291407,815.5454545,2.333333333,1086,2.333333333,0.333333333,2.666666667,0.974573864,0.65,1,0.666666667,0.333333333,0.441666667,0.286107086,0.286107086,0.040872441,0.326979527,341498,PvP01_12_v2,1291327,1291407,2,7,12,411,432,0.462962963,1.62037037,2.777777778,95.13888889,293071,keep ,,,TRUE,2,7,411,12,416,0.480769231,2.777777778,TRUE,ANY,12,71,0.801771432,2,-0.035581995,NO
104,344397,PvP01_12_v2,1436255,1436450,524.0170455,1.333333333,320,1.666666667,0,1,0.973076923,0.234188033,1,0.418803433,0,0.2119658,0.254444649,0.318055812,0,0.190833487,344397,PvP01_12_v2,1436255,1436450,1,12,19,544,576,0.173611111,2.083333333,3.298611111,94.44444444,144928,double?,,,TRUE,1,12,544,19,548,0.182481752,3.298611111,TRUE,3_10,12,71,0.837353427,2,-0.035581995,YES
105,344819,PvP01_12_v2,1457399,1457514,1058.857955,3,520,4,1.333333333,8.333333333,0.985029644,0.492753633,1,0.498550733,0.5768116,0.614492767,0.283324122,0.377765496,0.125921832,0.787011449,344819,PvP01_12_v2,1457399,1457514,6,4,12,554,576,1.041666667,0.694444444,2.083333333,96.18055556,21144,keep?,higher homs but better conc than replacement above,,TRUE,6,4,554,12,561,1.069518717,2.083333333,TRUE,3_10,12,72,0.757274109,2,-0.049002578,YES
106,345902,PvP01_12_v2,1511534,1511583,89.97159091,0,36,0,0,0.333333333,0.965909091,0,1,0,0,0.0680272,0,0,0,0.370487317,345902,PvP01_12_v2,1511534,1511583,2,10,49,227,288,0.694444444,3.472222222,17.01388889,78.81944444,54135,keep ,,,TRUE,2,10,227,49,236,0.847457627,17.01388889,TRUE,ANY,12,72,0.708271531,2,-0.049002578,NO
107,353283,PvP01_12_v2,1880553,1880581,2994.710227,1.333333333,1529,3,1.666666667,2.333333333,0.988636364,0.571428567,1,0.9047619,0.833333333,0.666666667,0.04452295,0.100176637,0.055653687,0.077915162,353283,PvP01_12_v2,1880553,1880581,8,9,9,406,432,1.851851852,2.083333333,2.083333333,93.98148148,369019,fix?,high homs,,TRUE,8,9,406,9,422,1.895734597,2.083333333,TRUE,ANY,12,73,0.601684183,1,,YES
108,354590,PvP01_12_v2,1945902,1946055,12.45454545,0,14,0,0,0.666666667,0.948715093,0,1,0,0,0.169934667,0,0,0,5.352798054,354590,PvP01_12_v2,1945902,1946055,0,24,142,410,576,0,4.166666667,24.65277778,71.18055556,65349,,,,TRUE,0,24,410,142,426,0,24.65277778,FALSE,3_10,12,74,0.810411792,1,,YES
109,357841,PvP01_12_v2,2108485,2108611,2645.471591,15,1175,8,1.666666667,16.33333333,0.979617605,0.7645503,1,0.920634933,0.507936533,0.7804233,0.567006656,0.30240355,0.06300074,0.617407248,357841,PvP01_12_v2,2108485,2108611,1,9,11,411,432,0.231481481,2.083333333,2.546296296,95.13888889,162583,keep ,,,TRUE,1,9,411,11,417,0.239808153,2.546296296,TRUE,3_10,12,75,0.732098619,2,0,YES
110,357841,PvP01_12_v2,2108485,2108611,2645.471591,15,1175,8,1.666666667,16.33333333,0.979617605,0.7645503,1,0.920634933,0.507936533,0.7804233,0.567006656,0.30240355,0.06300074,0.617407248,357841,PvP01_12_v2,2108485,2108611,1,9,11,411,432,0.231481481,2.083333333,2.546296296,95.13888889,162583,keep ,,,TRUE,1,9,411,11,417,0.239808153,2.546296296,TRUE,ANY,12,75,0.732098619,2,0,NO
111,364991,PvP01_12_v2,2465991,2466085,358.3181818,0.666666667,140,0.666666667,0.666666667,1.333333333,0.974794488,0.187943267,1,0.333333333,0.187943267,0.120567367,0.186054379,0.186054379,0.186054379,0.372108757,364991,PvP01_12_v2,2465991,2466085,1,7,18,550,576,0.173611111,1.215277778,3.125,95.48611111,357506,keep ,,,TRUE,1,7,550,18,556,0.179856115,3.125,TRUE,3_10,12,76,0.714913081,1,,YES
112,370151,PvP01_12_v2,2724027,2724063,629.3465909,1,311,0.333333333,0.666666667,1.333333333,0.965909091,0.3148148,1,0.3148148,0.333333333,0.6296296,0.158894958,0.052964986,0.105929972,0.211859944,370151,PvP01_12_v2,2724027,2724063,0,6,15,411,432,0,1.388888889,3.472222222,95.13888889,258036,keep ,,,TRUE,0,6,411,15,414,0,3.472222222,TRUE,3_10,12,77,0.720766739,1,,YES
113,375425,PvP01_12_v2,2987660,2987728,337.875,0.333333333,6,1,0.666666667,1,0.566677807,0.215686267,1,0.5637255,0.294117633,0.210784333,0.098655815,0.295967444,0.197311629,0.295967444,375425,PvP01_12_v2,2987660,2987728,16,26,240,294,576,2.777777778,4.513888889,41.66666667,51.04166667,263633,fix?,"low coverage, high homs ",,FALSE,16,24,290,246,330,4.848484848,42.70833333,FALSE,ANY,12,78,0.648143301,1,,NO
114,382674,PvP01_13_v2,167460,167596,1309.977273,3.333333333,726,2.333333333,0.666666667,4,0.983539439,0.345588233,1,0.5122549,0.4877451,0.495098033,0.254457341,0.178120139,0.050891468,0.305348809,382674,PvP01_13_v2,167460,167596,1,24,54,785,864,0.115740741,2.777777778,6.25,90.85648148,,keep ,,,TRUE,1,24,785,54,800,0.125,6.25,TRUE,3_10,13,79,0.904720735,1,,YES
115,385196,PvP01_13_v2,293615,293708,3668.926136,9.666666667,1911,8.333333333,3,20.66666667,0.973362659,0.724014333,1,0.666666667,0.8136201,0.885304633,0.263474006,0.227132764,0.081767795,0.563289254,385196,PvP01_13_v2,293615,293708,1,4,15,412,432,0.231481481,0.925925926,3.472222222,95.37037037,126155,keep ,,,TRUE,1,4,412,15,415,0.240963855,3.472222222,TRUE,3_10,13,80,0.762070196,2,-0.084494679,YES
116,386952,PvP01_13_v2,381464,381542,2723.767045,5,1160,1,1.333333333,3.333333333,0.986378205,0.615384633,1,0.461538467,0.371794867,0.440170967,0.183569296,0.036713859,0.048951812,0.122379531,386952,PvP01_13_v2,381464,381542,8,5,12,551,576,1.388888889,0.868055556,2.083333333,95.65972222,87849,keep ,,,TRUE,8,5,551,12,562,1.423487544,2.083333333,TRUE,ANY,13,80,0.677575517,2,-0.084494679,NO
117,389038,PvP01_13_v2,485702,485833,89.55681818,0.333333333,108,0,0,0.666666667,0.903409091,0.193384233,1,0,0,0.1832061,0.372203189,0,0,0.744406378,389038,PvP01_13_v2,485702,485833,2,5,39,386,432,0.462962963,1.157407407,9.027777778,89.35185185,104238,keep ,,fix,TRUE,2,5,386,39,389,0.514138817,9.027777778,FALSE,3_10,13,81,0.688420913,1,,YES
118,394419,PvP01_13_v2,754813,754885,418.7386364,3,289,1.666666667,0,3.333333333,0.978298611,0.5277778,1,0.351851867,0,0.509259267,0.716437352,0.398020751,0,0.796041503,394419,PvP01_13_v2,754813,754885,1,6,12,557,576,0.173611111,1.041666667,2.083333333,96.70138889,269111,keep,,,TRUE,1,6,557,12,561,0.178253119,2.083333333,TRUE,3_10,13,82,0.821040386,2,-0.029321171,YES
119,395181,PvP01_13_v2,792890,792989,2248.960227,11.33333333,1753,8.333333333,3,18.66666667,0.984159779,0.7373737,1,0.8249158,0.528619533,0.7373737,0.503936583,0.370541606,0.133394978,0.830013196,395181,PvP01_13_v2,792890,792989,5,7,16,692,720,0.694444444,0.972222222,2.222222222,96.11111111,38077,double?,,,TRUE,5,7,692,16,701,0.713266762,2.222222222,TRUE,ANY,13,82,0.791719215,2,-0.029321171,NO
120,400235,PvP01_13_v2,1045516,1045555,2720.164773,3,1388,5.666666667,2,4.333333333,0.985431235,0.4700855,1,0.9059829,0.8034188,0.564102567,0.110287437,0.208320714,0.073524958,0.159304075,400235,PvP01_13_v2,1045516,1045555,2,5,6,419,432,0.462962963,1.157407407,1.388888889,96.99074074,252626,keep ,,,TRUE,2,5,419,6,424,0.471698113,1.388888889,TRUE,ANY,13,83,0.698901448,2,-0.201837531,NO
121,403278,PvP01_13_v2,1197713,1197831,115.4602273,0,76,0.666666667,0,0,0.965909091,0,1,0.333333333,0,0,0,0.577399406,0,0,403278,PvP01_13_v2,1197713,1197831,1,11,35,961,1008,0.099206349,1.091269841,3.472222222,95.33730159,152197,keep ,,,TRUE,1,11,961,35,967,0.103412616,3.472222222,TRUE,3_10,13,83,0.900738978,2,-0.201837531,YES
122,414570,PvP01_13_v2,1762261,1762355,834.5909091,1.333333333,368,1.666666667,0.333333333,4.333333333,0.976305609,0.4326241,1,0.4929078,0.159574467,0.4326241,0.159758909,0.199698637,0.039939727,0.519216455,414570,PvP01_13_v2,1762261,1762355,1,13,19,543,576,0.173611111,2.256944444,3.298611111,94.27083333,564548,keep ,,,TRUE,1,13,543,19,548,0.182481752,3.298611111,TRUE,ANY,13,86,0.684994382,2,-0.118564347,NO
123,416631,PvP01_13_v2,1865343,1865483,56.3125,0,61,0,0,0,0.834253247,0,1,0,0,0,0,0,0,0,416631,PvP01_13_v2,1865343,1865483,3,13,101,459,576,0.520833333,2.256944444,17.53472222,79.6875,103082,keep ,,fix,TRUE,3,13,459,101,471,0.636942675,17.53472222,FALSE,3_10,13,86,0.803558728,2,-0.118564347,YES
124,419038,PvP01_13_v2,1985698,1985814,3586.323864,15.66666667,1911,12,3.666666667,27.66666667,0.991575235,0.795977033,1,1,0.893678167,1,0.436844726,0.334604471,0.102240255,0.771449198,419038,PvP01_13_v2,1985698,1985814,6,9,14,547,576,1.041666667,1.5625,2.430555556,94.96527778,120355,keep ,,,TRUE,6,9,547,14,558,1.075268817,2.430555556,TRUE,3_10,13,87,0.771609492,1,,YES
125,422331,PvP01_14_v2,56852,57021,322.3806818,1.666666667,216,0.666666667,0,1.666666667,0.971590909,0.238658767,1,0.128205133,0,0.2642998,0.51698714,0.206794856,0,0.51698714,422331,PvP01_14_v2,56852,57021,5,10,20,541,576,0.868055556,1.736111111,3.472222222,93.92361111,,keep ,,,TRUE,5,10,541,20,552,0.905797101,3.472222222,TRUE,ANY,14,88,0.735932315,1,,YES
126,430447,PvP01_14_v2,462743,462837,2057.642045,10.66666667,949,7.333333333,3.333333333,19.33333333,0.986823017,0.5390071,1,0.702127667,0.5,0.5851064,0.518392725,0.356394998,0.161997727,0.939586814,430447,PvP01_14_v2,462743,462837,5,10,9,408,432,1.157407407,2.314814815,2.083333333,94.44444444,405891,keep ,,,TRUE,5,10,408,9,417,1.199040767,2.083333333,TRUE,3_10,14,89,0.707097627,1,,YES
127,434704,PvP01_14_v2,675630,675699,2549.460227,5.666666667,1074,5,1.666666667,9,0.979660738,0.888888867,1,0.3285024,0.371980667,0.898550733,0.222269271,0.196119945,0.065373315,0.353015901,434704,PvP01_14_v2,675630,675699,4,4,12,412,432,0.925925926,0.925925926,2.777777778,95.37037037,212887,keep ,,,TRUE,4,4,412,12,418,0.956937799,2.777777778,TRUE,3_10,14,90,0.805494084,2,-0.03991275,YES
128,434832,PvP01_14_v2,682002,682081,1270.982955,2,679,2.666666667,1,5.333333333,0.982954545,0.6835443,1,0.666666667,0.426160333,0.915611833,0.157358523,0.209811363,0.078679261,0.419622727,434832,PvP01_14_v2,682002,682081,9,9,9,549,576,1.5625,1.5625,1.5625,95.3125,6372,throw,high homs ,,TRUE,9,9,549,9,565,1.592920354,1.5625,TRUE,ANY,14,90,0.765581334,2,-0.03991275,NO
129,445323,PvP01_14_v2,1206462,1206642,502.2386364,1,386,2,0.666666667,2,0.974684343,0.172222233,1,0.4351852,0.140740733,0.1851852,0.199108537,0.398217074,0.132739025,0.398217074,445323,PvP01_14_v2,1206462,1206642,5,10,12,405,432,1.157407407,2.314814815,2.777777778,93.75,524460,keep ,,,TRUE,5,10,405,12,415,1.204819277,2.777777778,TRUE,3_10,14,91,0.665075021,2,0,YES
130,445323,PvP01_14_v2,1206462,1206642,502.2386364,1,386,2,0.666666667,2,0.974684343,0.172222233,1,0.4351852,0.140740733,0.1851852,0.199108537,0.398217074,0.132739025,0.398217074,445323,PvP01_14_v2,1206462,1206642,5,10,12,405,432,1.157407407,2.314814815,2.777777778,93.75,524460,keep ,,,TRUE,5,10,405,12,415,1.204819277,2.777777778,TRUE,ANY,14,91,0.665075021,2,0,NO
131,452117,PvP01_14_v2,1546237,1546249,209.8068182,0,126,0,0,0,0.965909091,0,1,0,0,0,0,0,0,0,452117,PvP01_14_v2,1546237,1546249,0,6,15,411,432,0,1.388888889,3.472222222,95.13888889,339775,keep ,,,TRUE,0,6,411,15,415,0,3.472222222,TRUE,3_10,14,92,0.74053804,2,0,YES
132,452117,PvP01_14_v2,1546237,1546249,209.8068182,0,126,0,0,0,0.965909091,0,1,0,0,0,0,0,0,0,452117,PvP01_14_v2,1546237,1546249,0,6,15,411,432,0,1.388888889,3.472222222,95.13888889,339775,keep ,,,TRUE,0,6,411,15,415,0,3.472222222,TRUE,ANY,14,92,0.74053804,2,0,NO
133,456454,PvP01_14_v2,1763089,1763164,811.0795455,2.333333333,488,1.666666667,0.333333333,1.666666667,0.975,0.626666667,1,0.764444433,0.1511111,0.426666667,0.287682428,0.205487449,0.04109749,0.205487449,456454,PvP01_14_v2,1763089,1763164,7,10,12,403,432,1.62037037,2.314814815,2.777777778,93.28703704,216852,throw,high homs,,TRUE,7,10,403,12,416,1.682692308,2.777777778,TRUE,3_10,14,93,0.672403992,2,-0.055485491,YES
134,456532,PvP01_14_v2,1767067,1767097,878.7784091,0.333333333,361,0,0.333333333,0,0.977272727,0.333333333,1,0,0.333333333,0,0.037931443,0,0.037931443,0,456532,PvP01_14_v2,1767067,1767097,0,7,14,411,432,0,1.62037037,3.240740741,95.13888889,3978,keep ,,,TRUE,0,7,411,14,415,0,3.240740741,TRUE,ANY,14,93,0.616918501,2,-0.055485491,NO
135,458816,PvP01_14_v2,1881135,1881282,14.55113636,0,10,0,0,0,0.965909091,0,1,0,0,0,0,0,0,0,458816,PvP01_14_v2,1881135,1881282,1,17,153,405,576,0.173611111,2.951388889,26.5625,70.3125,114068,throw,high uncall; low depth,,FALSE,1,14,400,161,410,0.243902439,27.95138889,FALSE,3_10,14,94,0.840515566,2,-0.227198096,NO
136,458944,PvP01_14_v2,1887637,1887677,539.5795455,0.333333333,419,0,0,1.333333333,0.977272727,0.075,1,0,0,0.15,0.061776495,0,0,0.247105982,458944,PvP01_14_v2,1887637,1887677,2,6,9,415,432,0.462962963,1.388888889,2.083333333,96.06481481,6502,keep,,,TRUE,2,6,415,9,420,0.476190476,2.083333333,TRUE,ANY,14,94,0.61331747,2,-0.227198096,YES
137,461645,PvP01_14_v2,2022558,2022663,1011.267045,0.666666667,642,1,1,5,0.98154762,0.346031767,1,0.158730167,0.323809533,0.790476167,0.065923899,0.098885849,0.098885849,0.494429243,461645,PvP01_14_v2,2022558,2022663,2,9,17,548,576,0.347222222,1.5625,2.951388889,95.13888889,134921,keep,,,TRUE,2,9,548,17,554,0.36101083,2.951388889,TRUE,3_10,14,95,0.856923789,2,-0.21195849,YES
138,461782,PvP01_14_v2,2029490,2029545,157.3238636,0.666666667,226,0,0,0.333333333,0.977272727,0.3636364,1,0,0,0.0060606,0.423754319,0,0,0.211877159,461782,PvP01_14_v2,2029490,2029545,6,8,12,550,576,1.041666667,1.388888889,2.083333333,95.48611111,6932,double?,,,TRUE,6,7,550,13,562,1.067615658,2.256944444,TRUE,ANY,14,95,0.644965298,2,-0.21195849,NO
139,464987,PvP01_14_v2,2189680,2189767,757.1420455,0.333333333,904,1.333333333,0.333333333,1.666666667,0.965909091,0.061302667,1,0.666666667,0.099616867,0.356321833,0.044025204,0.176100818,0.044025204,0.220126022,464987,PvP01_14_v2,2189680,2189767,1,6,20,549,576,0.173611111,1.041666667,3.472222222,95.3125,160190,keep,,,TRUE,1,6,549,20,555,0.18018018,3.472222222,TRUE,3_10,14,96,0.809031661,1,,YES
140,466426,PvP01_14_v2,2261604,2261794,144.0909091,1.333333333,214,0.333333333,0,6.333333333,0.973953349,0.0017544,1,0.068421067,0,0.0017544,0.925341746,0.231335436,0,4.395373291,466426,PvP01_14_v2,2261604,2261794,1,25,46,792,864,0.115740741,2.893518519,5.324074074,91.66666667,71924,double?,,,TRUE,1,25,792,46,807,0.123915737,5.324074074,TRUE,3_10,14,97,0.893357129,2,-0.179057439,YES
141,467324,PvP01_14_v2,2306579,2306688,219.2272727,0.333333333,98,0,0,0,0.970131359,0.097859333,1,0,0,0,0.152049209,0,0,0,467324,PvP01_14_v2,2306579,2306688,0,10,16,406,432,0,2.314814815,3.703703704,93.98148148,44975,keep,,,TRUE,0,9,406,17,408,0,3.935185185,TRUE,ANY,14,97,0.714299689,2,-0.179057439,NO
142,475191,PvP01_14_v2,2699925,2700045,2083.0625,12.66666667,1544,5.333333333,0,9,0.982954545,0.794444467,1,0.6,0,0.8,0.60807905,0.256033284,0,0.432056167,475191,PvP01_14_v2,2699925,2700045,2,21,12,397,432,0.462962963,4.861111111,2.777777778,91.89814815,393346,keep,,,TRUE,2,20,398,12,414,0.483091787,2.777777778,TRUE,3_10,14,98,0.805472933,1,,YES
143,477403,PvP01_14_v2,2810468,2810642,0.727272727,0,0,0,0,0,0.073863636,0,0,0,0,0,0,0,0,0,477403,PvP01_14_v2,2810468,2810642,1,0,273,14,288,0.347222222,0,94.79166667,4.861111111,110543,fix?,"high uncall; low depth, low coverage",,FALSE,1,0,14,273,15,6.666666667,94.79166667,FALSE,3_10,14,99,0.798101659,2,-0.081581069,NO
144,478433,PvP01_14_v2,2861965,2862134,913.4318182,3,498,3.333333333,1.333333333,6.666666667,0.97461673,0.224852067,1,0.469428,0.213017733,0.305719933,0.328431738,0.364924154,0.145969662,0.729848308,478433,PvP01_14_v2,2861965,2862134,4,12,22,826,864,0.462962963,1.388888889,2.546296296,95.60185185,51497,keep ,,,TRUE,4,12,826,22,837,0.477897252,2.546296296,TRUE,ANY,14,99,0.71652059,2,-0.081581069,YES
145,481392,PvP01_14_v2,3009930,3010081,90.5625,0.666666667,88,0.333333333,0,0,0.965909091,0.088300233,1,0.0816777,0,0,0.736139867,0.368069933,0,0,481392,PvP01_14_v2,3009930,3010081,0,556,55,1117,1728,0,32.17592593,3.18287037,64.6412037,147965,keep,,,TRUE,0,556,1117,55,1673,0,3.18287037,TRUE,3_10,14,100,0.780107079,1,,YES
,,PvP01_14_v2,1270910,1270911,DHPS_A383G,2471.66,1.67,1451.00,3.00,0.33,1.33,0.98,0.67,1.00,0.67,0.33,0.67,0.07,0.12,0.01,0.05,,,,,,,,,,,,,,,drug,,,,,,,,,,,,,,,,,YES
,,PvP01_14_v2,1270400,1270401,DHPS_A553G,1840.56,0.00,875.00,1.67,0.33,0.00,0.97,0.00,1.00,0.67,0.33,0.00,0.00,0.09,0.02,0.00,,,,,,,,,,,,,,,drug,,,,,,,,,,,,,,,,,YES
,,PvP01_10_v2,479907,479908,MDR1_F1076L,1429.01,1.33,1127.00,6.67,1.00,1.33,0.98,0.67,1.00,0.67,0.67,0.33,0.09,0.47,0.07,0.09,,,,,,,,,,,,,,,drug,,,,,,,,,,,,,,,,,YES
,,PvP01_10_v2,480206,480207,MDR1_Y976F,2137.65,1.00,1021.00,7.33,0.67,1.33,0.98,0.33,1.00,0.67,0.67,0.67,0.05,0.34,0.03,0.06,,,,,,,,,,,,,,,drug,,,,,,,,,,,,,,,,,YES
,,PvP01_MIT_v2,1370,1563,MIT_Species1,27411.02,161.33,30433.00,125917.00,129460.00,50537.67,1.00,1.00,1.00,1.00,1.00,0.95,0.59,459.37,472.29,184.37,,,,,,,,,,,,,,,species,,,,,,,,,,,,,,,,,YES
,,PvP01_MIT_v2,2930,3141,MIT_Species2,9959.28,33.00,10953.00,3532.67,11.33,80.33,1.00,0.79,1.00,1.00,0.92,1.00,0.33,35.47,0.11,0.81,,,,,,,,,,,,,,,species,,,,,,,,,,,,,,,,,YES
